temp_norm,rain_norm,ph_norm,label,Place
0.001924904,0.018435082,0.281972235,apple,Faridabad
0.001554909,0.084100225,0.461666324,apple,Mewat
0.003344527,0.223981518,0.398591555,apple,Kangra
0.004680229,0.163649009,0.39863196,apple,Kangra
0.001491575,0.198437638,0.312065175,apple,Kangra
0.004218184,0.089646797,0.416469918,apple,Alappuzha
0.000434606,0.06604268,0.382695667,apple,Dhar
0.00394821,0.017622796,0.390731825,apple,Dhar
0.003751469,0.20005609,0.469254558,apple,Kolhapur
0.001415014,0.407643138,0.303250373,apple,Pune
0.002152675,0.01686886,0.378645974,apple,Satara
0.001142222,0.057376259,0.448500954,apple,Muktsar
0.004352058,0.294348853,0.421531921,apple,Tarntaran
0.001227633,0.020541799,0.335283678,apple,Agra
0.00313845,0.716832809,0.370706372,apple,Agra
0.005965823,0.045585519,0.398973958,apple,Agra
0.000623183,0.161657662,0.443589722,apple,Agra
0.000580772,0.058084152,0.327265047,apple,Baghpat
0.000367165,0.064449379,0.377930019,apple,Bahraich
0.003591103,0.02939885,0.418063017,apple,Bhadohi(Sant Ravi Nagar)
0.001820383,0.075409879,0.409370904,apple,Ghaziabad
0.000826003,0.364626876,0.349710551,apple,Kannuj
0.000159733,0.071208884,0.386774937,apple,Kanpur
0.000281215,0.099592356,0.39814783,apple,Lakhimpur
0.003959253,0.123412992,0.394171823,apple,Mirzapur
0.002657392,0.066657705,0.390958537,apple,Muradabad
0.002296078,0.042706307,0.440578331,apple,Muzaffarnagar
0.00135221,0.465429149,0.362018065,apple,Muzaffarnagar
0.008054518,0.028085943,0.345831399,apple,Saharanpur
0.004512438,0.04921817,0.37953308,apple,Saharanpur
0.005099547,0.188519608,0.392982241,apple,Saharanpur
0.006318172,0.128101437,0.423593362,apple,Dehradoon
0.007181717,0.049630164,0.386592477,apple,Faridabad
0.000614131,0.28593716,0.445870715,apple,Mewat
0.003853715,0.072164779,0.318838061,apple,Kangra
0.000281807,0.143083188,0.398419062,apple,Kangra
0.001525982,0.112466559,0.417112365,apple,Kangra
0.001491301,0.029395721,0.431859047,apple,Alappuzha
0.00042439,0.35976664,0.304005195,apple,Dhar
0.001318293,0.01983671,0.48546933,apple,Dhar
0.000384741,0.040194853,0.359886267,apple,Kolhapur
0.001807802,0.745892348,0.351195102,apple,Pune
0.003983442,0.04035568,0.383161344,apple,Satara
0.003332525,0.157299355,0.436627753,apple,Muktsar
0.003274827,0.031458886,0.341092975,apple,Tarntaran
0.002924173,0.110523291,0.398365119,apple,Agra
0,0.203309894,0.358010533,apple,Agra
0.00169945,0.06611387,0.444326004,apple,Agra
0.001053151,0.172176375,0.345559074,apple,Agra
0.000354088,0.014862844,0.409741603,apple,Baghpat
0.007464904,0.359077549,0.379341355,apple,Bahraich
0.00190082,0.018113932,0.381610216,apple,Bhadohi(Sant Ravi Nagar)
0.004073328,0.074489755,0.390066418,apple,Ghaziabad
7.40E-05,0.218274035,0.453945412,apple,Kannuj
0.001339118,0.043138062,0.364450891,apple,Kanpur
0.000429038,0.219562865,0.335656311,apple,Lakhimpur
0.001592968,0.192797174,0.438377126,apple,Mirzapur
0.003043775,0.029718671,0.407871991,apple,Muradabad
0.000635434,0.298658989,0.418770631,apple,Muzaffarnagar
0.009239736,0.026270501,0.362751877,apple,Muzaffarnagar
0.00172928,0.051885362,0.358860541,apple,Saharanpur
0.000358043,1.096395546,0.394951756,apple,Saharanpur
0.001285984,0.024574112,0.392582362,apple,Saharanpur
0.005657696,0.162648432,0.355439004,apple,Dehradoon
0.000240021,0.022927618,0.413105991,apple,Faridabad
0.000455152,0.048915566,0.411387345,apple,Mewat
0.001023445,0.213501668,0.368909183,apple,Kangra
0.001107103,0.04032745,0.411618962,apple,Kangra
0.000372077,0.102006743,0.399602437,apple,Kangra
0.000123876,0.522635369,0.381202347,apple,Alappuzha
0.002092379,0.159189294,0.412546523,apple,Dhar
0.003571466,0.013389238,0.37803664,apple,Dhar
0.001269296,0.301782822,0.389845082,apple,Kolhapur
0.001543514,0.035571518,0.308500808,apple,Pune
0.00207491,0.246840374,0.408689466,apple,Satara
0.0007686,0.076918361,0.405826121,apple,Muktsar
0.001773098,0.119386699,0.362847785,apple,Tarntaran
0.002397642,0.023494649,0.44665786,apple,Agra
0.002987973,0.544837819,0.38422994,apple,Agra
0.001461948,0.007265496,0.399880293,apple,Agra
3.69E-05,0.337096187,0.351550571,apple,Agra
0.008523445,0.158223006,0.408188805,apple,Baghpat
0.004195354,0.046999228,0.342613176,apple,Bahraich
0.002960153,0.070517053,0.435422893,apple,Bhadohi(Sant Ravi Nagar)
3.01E-05,0.145960023,0.399286013,apple,Ghaziabad
0.000856435,0.111278154,0.370406867,apple,Kannuj
0.000190044,0.126767842,0.41365817,apple,Kanpur
0.007014348,0.022094326,0.335199553,apple,Lakhimpur
0.001324324,0.074972569,0.376452288,apple,Mirzapur
0.001059097,0.251436739,0.413762962,apple,Muradabad
0.012167714,0.031592178,0.407221127,apple,Muzaffarnagar
0.000121435,0.09902742,0.351313988,apple,Muzaffarnagar
0.000144737,0.121053619,0.467098198,apple,Saharanpur
0.006567441,0.075781386,0.372560057,apple,Saharanpur
0.005235002,0.140368141,0.40604118,apple,Saharanpur
0.002765655,0.03081309,0.352332526,apple,Dehradoon
0.00066992,0.140930221,0.371028592,apple,Kolhapur
0.000227761,0.229252304,0.465394403,apple,Pune
0.008306319,0.152330149,0.398539114,apple,Satara
0.000471028,0.037231454,0.361429163,apple,Muktsar
0.001253548,0.077846331,0.395887109,banana,Ambala
0.004776311,0.049313832,0.356312284,banana,Gurgaon
0.000663402,0.437438189,0.436818796,banana,Mewat
0.002069243,0.00781084,0.351802707,banana,Kangra
0.000829567,0.228075915,0.343202358,banana,Kullu
9.51E-05,0.124041622,0.455523106,banana,Alappuzha
0.002853366,0.068450125,0.394601554,banana,Alappuzha
0.005277406,0.160466029,0.353511479,banana,Alappuzha
0.00052726,0.016714376,0.398003189,banana,Kasargod
0.004877498,0.132758182,0.380202973,banana,Kasargod
0.00124198,0.154358029,0.391591744,banana,Kollam
0.000996913,0.105261561,0.448819169,banana,Kollam
0.002437182,0.148486885,0.310674412,banana,Kollam
0.001180834,0.054628954,0.422766887,banana,Kollam
0.002988849,0.225812091,0.449209615,banana,Kollam
0.006623604,0.123766736,0.297309023,banana,Kollam
0.010039835,0.057038974,0.465248892,banana,Kollam
0.000409679,0.046859953,0.418128298,banana,Kollam
0.007212618,0.127722023,0.297124757,banana,Kollam
0.003958469,0.074132257,0.46350901,banana,Kottayam
0.002478057,0.172768201,0.384929645,banana,Kottayam
0.002606916,0.033109115,0.359260192,banana,Kottayam
0.002160582,0.078113578,0.419757711,banana,Kottayam
0.002888628,0.439418633,0.384452882,banana,Thirssur
0.002986836,0.02035678,0.405385004,banana,Thiruvananthapuram
0.001399777,0.469276178,0.389738849,banana,Thiruvananthapuram
0.00237717,0.012928186,0.324250436,banana,Thiruvananthapuram
0.00039688,0.115820905,0.436166571,banana,Thiruvananthapuram
0.002524238,0.10443489,0.32952906,banana,Thiruvananthapuram
0.000762675,0.169881979,0.395670348,banana,Thiruvananthapuram
0.002114831,0.189485918,0.443633046,banana,Thiruvananthapuram
0.000660186,0.05335316,0.425005262,banana,Thiruvananthapuram
0.000268307,0.040819456,0.353770201,banana,Thiruvananthapuram
0.005901942,0.348262329,0.344980215,banana,Thiruvananthapuram
0.002308084,0.029916741,0.379643575,banana,Thiruvananthapuram
0.003008613,0.112110518,0.484588955,banana,Thiruvananthapuram
0.003603907,0.030963302,0.362021275,banana,Thiruvananthapuram
0.002249873,0.12541186,0.393280812,banana,Thiruvananthapuram
0.003755232,0.238715212,0.35158034,banana,Thiruvananthapuram
0.001741235,0.090373199,0.446891394,banana,Thiruvananthapuram
0.000522402,0.076846765,0.370013455,banana,Thiruvananthapuram
0.002917255,0.240617061,0.367537231,banana,Dhar
0.003851911,0.060828789,0.377180447,banana,Dhar
0.001767388,0.032772011,0.404326169,banana,Jalgaon
0.001427859,0.251602963,0.384252607,banana,Satara
0.000435089,0.040127453,0.358792733,banana,Sholapur
0.000554072,0.159927943,0.388797596,banana,Bishnupur
0.001849284,0.068873366,0.394638089,banana,Chandel
0.000982009,0.16521821,0.356268978,banana,Imphal East
0.001913918,0.172093065,0.445688391,banana,Imphal West
0.002302209,0.048322464,0.36702096,banana,Thoubal
0.000279109,0.049344085,0.40279556,banana,East Khasi Hills
0.007776571,0.062464645,0.425043152,banana,Gajapati
0.00109161,0.587669331,0.366766907,banana,Gajapati
0.004421967,0.019636985,0.366050094,banana,Mansa
0.002240732,0.078161514,0.417792518,banana,Muktsar
0.001679446,0.379736579,0.429895948,banana,Tarntaran
0.000665178,0.053238318,0.312248237,banana,Jalore
0.001767112,0.019149356,0.39860628,banana,Agra
0.003381588,0.155976778,0.376737516,banana,Agra
0.003524756,0.089161312,0.441971238,banana,Agra
0.00206907,0.120033604,0.371192862,banana,Agra
0.000408831,0.361895331,0.411647197,banana,Agra
0.002600542,0.011389566,0.341112719,banana,Bahraich
0.000106664,0.241830951,0.385773686,banana,Ballia
0.004875212,0.052939927,0.404479339,banana,Bulandshahar
0.001642699,0.09552142,0.413306078,banana,Ghaziabad
0.001275136,0.178659076,0.34261174,banana,Kannuj
0.007027799,0.070979813,0.390888301,banana,Kanpur
0.00277335,0.228637657,0.413053659,banana,Lakhimpur
0.009967193,0.103477076,0.411519144,banana,Saharanpur
0.001099139,0.088224571,0.378823759,banana,Saharanpur
0.003175132,0.101331186,0.434103332,banana,Saharanpur
0.001546968,0.092373665,0.29321017,banana,Dehradoon
0.000929423,0.031255857,0.4092293,banana,South Andaman
0.000498356,0.299625213,0.393379535,banana,Alappuzha
0.002494099,0.015720399,0.452775456,banana,Alappuzha
9.52E-05,0.133244617,0.388562171,banana,Alappuzha
0.001128048,0.111683877,0.380858829,banana,Ernakulam
0.00054633,0.052791017,0.34137335,banana,Kasargod
0.004743501,0.317704194,0.453408151,banana,Kollam
0.000925453,0.13111685,0.344477273,banana,Kottayam
0.000793682,0.030437099,0.359897185,banana,Thirssur
0.002844394,0.225063949,0.457645241,banana,Thirssur
0.003298698,0.059208205,0.393543395,banana,Thirssur
0.003188474,0.092098445,0.396323227,banana,Mokokchung
0.002904772,0.053712267,0.334737567,banana,Dhenkanal
0.000167802,0.079377597,0.367809464,banana,Sundergarh
0.000589534,0.186252944,0.397219834,banana,Baghpat
0.002147245,0.246321825,0.443016052,banana,Etah
0.001074463,0.020730591,0.326275345,banana,Lakhimpur
8.84E-06,0.314584128,0.464114806,banana,Muradabad
0.000391376,0.032994864,0.365396578,banana,Muzaffarnagar
0.00332701,0.253863699,0.358320537,banana,Saharanpur
0.002927675,0.040542151,0.434123563,banana,Saharanpur
0.001960113,0.219704492,0.413139899,banana,Saharanpur
0.000721365,0.044150133,0.337357896,banana,Muzaffarnagar
0.000238152,0.18793227,0.369996236,banana,Saharanpur
0.014972843,0.099533586,0.452599185,banana,Saharanpur
0.000905561,0.09917756,0.30735705,banana,Saharanpur
0.00654015,0.065918489,0.513490027,blackgram,Dhubri
0.008618481,0.105448264,0.351905912,blackgram,Sundergarh
0.000237847,0.231304187,0.424055155,blackgram,Sundergarh
9.66E-05,0.036514797,0.307065755,blackgram,Tonk
0.001076093,0.063448394,0.420290159,blackgram,Cuddalore
0.004871542,0.142115019,0.46283044,blackgram,Cuddalore
0.001194672,0.091215479,0.402500816,blackgram,Vellore
0.001481056,0.062187067,0.289068147,blackgram,Villupuram
0.000541252,0.116000638,0.485945763,blackgram,Villupuram
0.004253748,0.109549606,0.30088058,blackgram,Villupuram
0.0012995,0.102926869,0.457485637,blackgram,Villupuram
0.000710888,0.177111105,0.418468349,blackgram,Villupuram
0.002794865,0.0495926,0.334207715,blackgram,Villupuram
0.000316976,0.13448512,0.466539244,blackgram,Villupuram
0.001341924,0.166983884,0.299929836,blackgram,Villupuram
0.009494668,0.029094925,0.384818027,blackgram,Jhansi
0.000428622,0.16661658,0.454279432,blackgram,Mahoba
0.00683868,0.123635931,0.412370217,blackgram,Burdwan
0.003246525,0.051503826,0.3981078,blackgram,Burdwan
0.000174318,0.103542989,0.359482705,blackgram,Ghaziabad
0.002406348,0.105209272,0.348528725,blackgram,Kannuj
0.013859033,0.056442784,0.414176777,blackgram,Mirzapur
0.006738455,0.153995783,0.378318515,blackgram,Dhubri
0.000333027,0.135197795,0.357680907,blackgram,Sundergarh
0.00595522,0.056561941,0.386827034,blackgram,Sundergarh
0.002498161,0.149213094,0.378951469,blackgram,Tonk
0.001884191,0.061997825,0.438221558,blackgram,Cuddalore
0.006397086,0.101354456,0.426673825,blackgram,Cuddalore
0.000354085,0.055445142,0.355657772,blackgram,Vellore
0.00379871,0.183067065,0.3606812,blackgram,Villupuram
0.000263069,0.144066797,0.440297527,blackgram,Villupuram
0.003550086,0.019792701,0.342484085,blackgram,Villupuram
0.000112611,0.435008571,0.359922164,blackgram,Villupuram
0.002039643,0.036663549,0.460311164,blackgram,Villupuram
0.00398041,0.106780147,0.35929326,blackgram,Villupuram
0.000628723,0.084998734,0.413950583,blackgram,Villupuram
0.000269534,0.131885434,0.359335066,blackgram,Villupuram
0.001384561,0.052628605,0.444299041,blackgram,Jhansi
0.004294544,0.277326001,0.357612562,blackgram,Mahoba
0.00239514,0.026828949,0.387173821,blackgram,Burdwan
0.003346391,0.124174522,0.358177679,blackgram,Burdwan
0.000841422,0.048424487,0.44531994,blackgram,Ghaziabad
0.001898532,0.240203093,0.415870993,blackgram,Kannuj
7.44E-05,0.281922808,0.294632172,blackgram,Mirzapur
0.000677219,0.028877671,0.401724763,blackgram,Dhubri
0.001860639,0.222143752,0.367696248,blackgram,Sundergarh
0.008242332,0.039671875,0.508559643,blackgram,Sundergarh
0.002300656,0.086840077,0.29352982,blackgram,Tonk
0.002204723,0.190796053,0.469267651,blackgram,Cuddalore
0.002085539,0.04671743,0.398691954,blackgram,Cuddalore
0.001396415,0.281047469,0.358668531,blackgram,Vellore
0.002778984,0.022913764,0.335062084,blackgram,Villupuram
0.002172679,0.111384447,0.443599804,blackgram,Villupuram
0.001676206,0.174142191,0.346727727,blackgram,Villupuram
0.003678792,0.052385897,0.460836288,blackgram,Villupuram
0.001606905,0.099883317,0.313514016,blackgram,Villupuram
0.003816273,0.155417838,0.480703433,blackgram,Villupuram
0.000256515,0.054763137,0.413026233,blackgram,Villupuram
0.000270659,0.098265844,0.350171861,blackgram,Villupuram
0.000623353,0.042849312,0.411820657,blackgram,Jhansi
0.002666227,0.072212261,0.347503227,blackgram,Mahoba
0.000111858,0.286317993,0.411829489,blackgram,Burdwan
0.006626165,0.066730422,0.392723255,blackgram,Burdwan
0.011361447,0.192733684,0.307964102,blackgram,Ghaziabad
0.018713203,0.060241421,0.456298465,blackgram,Kannuj
0.001621601,0.068561034,0.397265666,blackgram,Mirzapur
2.17E-05,0.108410303,0.418090073,blackgram,Dhubri
0.000725613,0.104182698,0.384075428,blackgram,Sundergarh
0.002964127,0.052115489,0.363735718,blackgram,Sundergarh
0.004676998,0.492636849,0.321501428,blackgram,Tonk
0.001399298,0.058292697,0.450116924,blackgram,Cuddalore
0.000832923,0.067725444,0.430571168,blackgram,Cuddalore
0.001765741,0.084136885,0.369101617,blackgram,Vellore
0.000298057,0.16000628,0.403144284,blackgram,Villupuram
0.005920665,0.064545941,0.345776958,blackgram,Villupuram
0.010367338,0.158305324,0.367799009,blackgram,Villupuram
0.001870013,0.009138573,0.423364545,blackgram,Villupuram
0.001210345,0.141689497,0.40477894,blackgram,Villupuram
0.005226872,0.27990903,0.324082438,blackgram,Villupuram
0.008019262,0.031767103,0.392621337,blackgram,Villupuram
0.01211014,0.29614165,0.494655907,blackgram,Villupuram
0.001157348,0.03769044,0.360411074,blackgram,Jhansi
0.000292162,0.06855172,0.316964371,blackgram,Mahoba
0.017938736,0.356522435,0.43282244,blackgram,Burdwan
0.005610256,0.032034967,0.417821128,blackgram,Burdwan
0.007572128,0.144478075,0.359243105,blackgram,Ghaziabad
1.71E-05,0.035079174,0.3686342,blackgram,Kannuj
0.003640047,0.347036664,0.447370072,blackgram,Mirzapur
0.001397147,0.026196067,0.337544661,blackgram,Villupuram
0.000569066,0.353090931,0.421734146,blackgram,Villupuram
0.006864459,0.03868249,0.372193859,blackgram,Jhansi
0.001759653,0.136391634,0.422017024,blackgram,Mahoba
0.000183856,0.057040653,0.379023041,blackgram,Burdwan
0.009411982,0.16844899,0.321828474,blackgram,Burdwan
9.63E-05,0.045893756,0.423541292,blackgram,Ghaziabad
0.003923603,0.091606975,0.38873045,blackgram,Kannuj
0.001163457,0.456067945,0.473646981,blackgram,Mirzapur
0.006658606,0.057142813,0.305388301,blackgram,Sundergarh
0.000460612,0.105666359,0.441604613,blackgram,Tonk
0.000182605,0.030708012,0.400015005,blackgram,Cuddalore
0.001416984,0.195590032,0.370704582,coconut,South Andaman
0.000721342,0.065452733,0.318718052,coconut,Kannur
0.003455881,0.051177679,0.382481887,coconut,Kottayam
0.000219716,0.472610187,0.458951976,coconut,Thirssur
0.00157059,0.1251827,0.397837924,coconut,Gajapati
0.000843499,0.042587066,0.301780487,coconut,Coimbatore
0.000678582,0.053051422,0.389747595,coconut,Coimbatore
0.000328433,0.155062116,0.425268001,coconut,Coimbatore
0.000307602,0.084912574,0.354598919,coconut,Coimbatore
0.006747797,0.069418263,0.38845192,coconut,Coimbatore
0.004232205,0.073875655,0.389846427,coconut,Coimbatore
0.005267618,0.225214219,0.44809096,coconut,Coimbatore
0.006747839,0.055043648,0.340461797,coconut,Coimbatore
0.00621096,0.132580776,0.477311575,coconut,Coimbatore
0.004550477,0.011954815,0.316367485,coconut,Coimbatore
0.00300006,0.212446421,0.452222745,coconut,Coimbatore
0.003446754,0.060484873,0.410664376,coconut,Dindigul
0.002724112,0.40484964,0.327068487,coconut,Dindigul
0.001524797,0.013992526,0.401388278,coconut,Erode
0.001719556,0.28590192,0.36483854,coconut,Erode
0.002059062,0.027736257,0.412361566,coconut,Erode
0.000990748,0.622569499,0.43723373,coconut,Erode
0.001414193,0.007263935,0.303466036,coconut,Erode
0.004203601,0.763955033,0.423776372,coconut,Madurai
0.001011045,0.095473091,0.436225983,coconut,Namakkal
0.000840206,0.044986072,0.385594014,coconut,Salem
0.004218237,0.132677317,0.358983785,coconut,Salem
0.004137093,0.148141152,0.400475796,coconut,Salem
0.001165985,0.000496065,0.420372762,coconut,Sivaganga
0.001318934,0.293610646,0.352679363,coconut,Kannur
0.00492493,0.028268302,0.371135769,coconut,Kasargod
0.004449153,0.475462616,0.426535581,coconut,Thirssur
0.002797234,0.019515286,0.321067427,coconut,Dharmapuri
0.004139963,0.841688462,0.450689951,coconut,Dharmapuri
0.003206778,0.001986342,0.381063652,coconut,Krishnagiri
0.00040903,0.164603124,0.335717875,coconut,Krishnagiri
0.002239955,0.154669167,0.486564744,coconut,Krishnagiri
0.004341348,0.094265161,0.307101976,coconut,South Andaman
0.000613545,0.075680867,0.415194961,coconut,Kannur
0.0003077,0.121003287,0.424494415,coconut,Kottayam
0.008213298,0.088678461,0.375568469,coconut,Thirssur
0.002474193,0.074957436,0.368873979,coconut,Gajapati
0.007176061,0.039586118,0.365890126,coconut,Coimbatore
0.001895371,0.31194685,0.433318775,coconut,Coimbatore
0.00839108,0.074620964,0.421971024,coconut,Coimbatore
0.000141845,0.343136141,0.394524034,coconut,Coimbatore
0.001125171,0.021039744,0.308349369,coconut,Coimbatore
0.005391812,0.096542083,0.458642328,coconut,Coimbatore
0.0012256,0.20027844,0.36481597,coconut,Coimbatore
0.002318603,0.053680263,0.357345093,coconut,Coimbatore
0.003066652,0.09506753,0.381011086,coconut,Coimbatore
0.002167015,0.057329984,0.458393745,coconut,Coimbatore
0.002240058,0.057841664,0.341680511,coconut,Coimbatore
0.001808902,0.105500468,0.438764256,coconut,Dindigul
0.00329718,0.536972213,0.382232253,coconut,Dindigul
0.00087773,0.14493424,0.383940031,coconut,Erode
0.00364066,0.093719711,0.346193163,coconut,Erode
0.008596665,0.002392503,0.407052888,coconut,Erode
0.001020404,0.195349282,0.455235934,coconut,Erode
2.53E-05,0.032096023,0.358348544,coconut,Erode
0.003462849,0.46192424,0.375952148,coconut,Madurai
0.00637464,0.097960248,0.398405772,coconut,Namakkal
0.001787262,0.032991245,0.362455445,coconut,Salem
0.006802529,0.091095649,0.351447939,coconut,Salem
0.000623881,0.333686267,0.420647223,coconut,Salem
0.005843912,0.027142536,0.432232138,coconut,Sivaganga
0.001366073,0.062322296,0.380460684,coconut,Kannur
0.002149422,0.232148726,0.381794043,coconut,Kasargod
0.007204728,0.386113462,0.34774577,coconut,Thirssur
8.13E-06,0.033065251,0.370665045,coconut,Dharmapuri
0.002066153,0.01428923,0.422883512,coconut,Dharmapuri
0.004214451,0.233353987,0.433293925,coconut,Krishnagiri
0.002838969,0.036457997,0.334222441,coconut,Krishnagiri
0.001427352,0.266100507,0.404030453,coconut,Krishnagiri
0.004741001,0.03134951,0.354303615,coconut,South Andaman
0.003458824,0.205110205,0.460910125,coconut,Kannur
0.005270633,0.105270499,0.418589391,coconut,Kottayam
0.004094657,0.112853269,0.341935823,coconut,Thirssur
0.000158868,0.037169569,0.420650945,coconut,Gajapati
5.25E-05,0.778609868,0.40945988,coconut,Coimbatore
0.001939413,0.002577882,0.355045603,coconut,Coimbatore
0.001094325,0.163593348,0.354736059,coconut,Coimbatore
0.001302889,0.109366068,0.447010175,coconut,Coimbatore
0.000148594,0.095906339,0.360442256,coconut,Coimbatore
0.002489495,0.03928522,0.416735692,coconut,Coimbatore
0.003206835,0.269564568,0.397139346,coconut,Coimbatore
0.00047105,0.073221703,0.29481803,coconut,Coimbatore
0.000242188,0.484678345,0.488954192,coconut,Coimbatore
0.005185584,0.002573954,0.354964117,coconut,Coimbatore
0.002166405,0.378869631,0.357845429,coconut,Coimbatore
0.002594595,0.037202934,0.472602732,coconut,Dindigul
0.001079392,0.062000873,0.326305633,coconut,Dindigul
0.006290203,0.081827958,0.440750884,coconut,Erode
0.00296201,0.278362034,0.356034471,coconut,Erode
0.001175695,0.063409487,0.388757747,coconut,Erode
0.00175824,0.037080138,0.350969273,coconut,Erode
0.000291519,0.201839456,0.400088121,coconut,Erode
0.014635325,0.108361405,0.404244816,coconut,Madurai
0.002177443,0.209040375,0.374893737,coconut,Namakkal
0.001297193,0.123973392,0.37631347,coconut,Salem
0.002151981,0.038164088,0.569992709,cotton,Panchmahals
0.003851854,0.125255704,0.360676903,cotton,Vadodara(Baroda)
0.008768835,0.145453118,0.456020067,cotton,Vadodara(Baroda)
0.001041586,0.094588746,0.318925302,cotton,Vadodara(Baroda)
0.00120693,0.097011195,0.325719652,cotton,Vadodara(Baroda)
0.002483426,0.062807865,0.43685328,cotton,Jhabua
0.002988125,0.104064329,0.451090469,cotton,Buldhana
0.003875785,0.036892226,0.314673675,cotton,Jalgaon
0.009189932,0.127573281,0.51955637,cotton,Nagpur
0.004839626,0.23017196,0.236913456,cotton,Mansa
0.006130403,0.067233402,0.530580083,cotton,Muktsar
0.01017074,0.109391443,0.296562469,cotton,Dharmapuri
0.004735249,0.213430949,0.367578989,cotton,Krishnagiri
0.000272579,0.037926701,0.413986417,cotton,Madurai
0.02472729,0.131655463,0.381631723,cotton,Madurai
0.013033653,0.063784049,0.481356373,cotton,Salem
0.024658011,0.178017287,0.357062081,cotton,Salem
0.008155781,0.106591401,0.360239157,cotton,Salem
0.005085616,0.044059173,0.49333833,cotton,Salem
0.007997597,0.100349904,0.381072465,cotton,Villupuram
0.012382167,0.102098186,0.387162382,cotton,Villupuram
0.001282998,0.213021529,0.325757009,cotton,Karimnagar
0.001005195,0.04224558,0.338256482,cotton,Karimnagar
0.00101043,0.125791569,0.514630502,cotton,Panchmahals
0.020530865,0.043436713,0.445888131,cotton,Vadodara(Baroda)
0.004804215,0.068169332,0.243714701,cotton,Vadodara(Baroda)
0.008650196,0.274489809,0.433567984,cotton,Vadodara(Baroda)
0.001588088,0.060996082,0.455819861,cotton,Vadodara(Baroda)
0.001908675,0.118468223,0.261417915,cotton,Jhabua
0.007545388,0.032596858,0.538470975,cotton,Buldhana
0.018386967,0.204089965,0.455932921,cotton,Jalgaon
0.006424551,0.185906334,0.223660057,cotton,Nagpur
0.005569317,0.143168914,0.477073782,cotton,Mansa
0.001408659,0.035172011,0.447657496,cotton,Muktsar
0.013279842,0.04021103,0.307627221,cotton,Dharmapuri
0.008041521,0.32960797,0.458741392,cotton,Krishnagiri
0.002332378,0.170276451,0.4081,cotton,Madurai
0.006323389,0.026533166,0.274045867,cotton,Madurai
0.000581337,0.293309494,0.422521738,cotton,Salem
0.002731747,0.027927924,0.377078508,cotton,Salem
0.026757926,0.107697922,0.453904242,cotton,Salem
0.035978993,0.149831931,0.472189763,cotton,Salem
0.003054764,0.057680164,0.280204194,cotton,Villupuram
0.016321769,0.131020162,0.493871278,cotton,Villupuram
0.013039256,0.098571966,0.342535893,cotton,Karimnagar
0.024355793,0.114133717,0.404295468,cotton,Karimnagar
0.016242863,0.043942724,0.352487826,cotton,Panchmahals
0.001775859,0.097305412,0.449360701,cotton,Vadodara(Baroda)
0.005965328,0.166664241,0.336495399,cotton,Vadodara(Baroda)
0.001695741,0.189274848,0.4877009,cotton,Vadodara(Baroda)
0.002714123,0.030726704,0.231426655,cotton,Vadodara(Baroda)
0.001114812,0.134345511,0.545191351,cotton,Jhabua
0.015270316,0.063743144,0.305685149,cotton,Buldhana
0.012650661,0.298500986,0.358860195,cotton,Jalgaon
0.006640485,0.023490936,0.405117079,cotton,Nagpur
0.001935397,0.05954035,0.459700738,cotton,Mansa
0.007000016,0.167884123,0.472868801,cotton,Muktsar
0.003046099,0.044157831,0.25037217,cotton,Dharmapuri
0.001111982,0.164457096,0.371005291,cotton,Krishnagiri
0.023440054,0.172214817,0.457565851,cotton,Madurai
0.003797269,0.11805109,0.454121924,cotton,Madurai
0.00086138,0.161376846,0.328176949,cotton,Salem
0.002599331,0.044735277,0.476206897,cotton,Salem
0.002756452,0.095006893,0.287494776,cotton,Salem
0.00124655,0.073170932,0.451980527,cotton,Salem
0.004345655,0.097354066,0.33541785,cotton,Villupuram
0.008163682,0.038153381,0.348878445,cotton,Villupuram
0.023838764,0.166181878,0.589524542,cotton,Karimnagar
0.009599929,0.177291131,0.34980495,cotton,Karimnagar
0.0031423,0.06702625,0.415158518,cotton,Panchmahals
0.000199228,0.072914457,0.271350498,cotton,Vadodara(Baroda)
0.001713934,0.09506085,0.334394368,cotton,Vadodara(Baroda)
0.00130437,0.250511931,0.413937462,cotton,Vadodara(Baroda)
0.003791392,0.027470657,0.378854799,cotton,Vadodara(Baroda)
0.005413831,0.271488743,0.558087217,cotton,Jhabua
0.01389084,0.067936384,0.309876184,cotton,Buldhana
0.012321539,0.054471343,0.337736073,cotton,Jalgaon
0.005146187,0.11649605,0.505738862,cotton,Nagpur
0.00747222,0.145491814,0.255130845,cotton,Mansa
0.000573266,0.090836219,0.497334749,cotton,Muktsar
0.000763134,0.18268723,0.410636947,cotton,Dharmapuri
0.007666551,0.061392484,0.482424785,cotton,Krishnagiri
0.003547891,0.051741006,0.271324185,cotton,Madurai
0.0228605,0.145500012,0.531411221,cotton,Madurai
0.010939398,0.063742243,0.382335194,cotton,Salem
0.012965569,0.263555497,0.290814496,cotton,Salem
0.000402497,0.03722058,0.384621517,cotton,Salem
0.001457547,0.241126684,0.501761695,cotton,Salem
0.007005179,0.04622173,0.285481588,cotton,Villupuram
7.12E-05,0.104912399,0.472599321,cotton,Villupuram
0.003787405,0.065292163,0.374185033,cotton,Karimnagar
0.000255386,0.085986107,0.430943011,cotton,Karimnagar
0.011804002,0.091634374,0.269680859,cotton,Vadodara(Baroda)
0.002484907,0.186030272,0.520642458,cotton,Vadodara(Baroda)
0.002469406,0.18577277,0.264494836,cotton,Vadodara(Baroda)
0.000485208,0.040012882,0.406034548,cotton,Jhabua
0.010844992,0.070522855,0.445474345,cotton,Buldhana
0.00159446,0.080231042,0.469926604,cotton,Jalgaon
0.039698472,0.142863488,0.37072875,cotton,Nagpur
0.000853067,0.067566757,0.365213228,cotton,Mansa
0.002799471,0.129920199,0.473047334,grapes,Ambala
0.004675276,0.035708495,0.38641661,grapes,Faridabad
0.005529161,0.26074418,0.367371147,grapes,Gurgaon
0.000503161,0.018430981,0.417547436,grapes,Mewat
0.000281079,0.264940092,0.343271397,grapes,Kangra
0.000803935,0.143926194,0.44848516,grapes,Kangra
0.004785754,0.021996579,0.373091305,grapes,Kullu
0.000852924,0.385774814,0.338998773,grapes,Pune
3.24E-05,0.074317216,0.44501238,grapes,Pune
0.000413917,0.092476747,0.428318717,grapes,Satara
0.001065442,0.148889273,0.292698533,grapes,Hoshiarpur
0.00116083,0.047841604,0.417724304,grapes,Hoshiarpur
0.001007163,0.182554508,0.362430551,grapes,Mansa
0.012656628,0.033287119,0.472109463,grapes,Mansa
0.003579904,0.060665106,0.310905987,grapes,Muktsar
0.001390544,0.08851849,0.468590236,grapes,Muktsar
0.001176025,0.132593842,0.352711607,grapes,Jalore
0.002055532,0.209375286,0.440737158,grapes,Bahraich
0.008821637,0.033670397,0.3387878,grapes,Lakhimpur
0.003020119,0.349051764,0.393353969,grapes,Dehradoon
0.001031871,0.052564961,0.374789305,grapes,Ambala
0.001586067,0.161737207,0.406341774,grapes,Faridabad
0.000914995,0.024429518,0.421673517,grapes,Gurgaon
0.000934039,0.087373831,0.321396388,grapes,Mewat
0.00176827,0.085431847,0.385632863,grapes,Kangra
0.001734737,0.10848766,0.431552629,grapes,Kangra
0.000148642,0.370608776,0.443201345,grapes,Kullu
0.002873953,0.147914269,0.387994927,grapes,Pune
0.004480306,0.016428689,0.369813404,grapes,Pune
0.001665524,0.205759625,0.363790453,grapes,Satara
0.001331505,0.121799023,0.353902674,grapes,Hoshiarpur
0.00096128,0.100246961,0.385917577,grapes,Hoshiarpur
0.002068539,0.064189329,0.469670645,grapes,Mansa
0.000738512,0.02178189,0.363818712,grapes,Mansa
0.005011644,0.144298792,0.398078981,grapes,Muktsar
0.002772146,0.097335038,0.41832955,grapes,Muktsar
0.002621234,0.073379741,0.320420871,grapes,Jalore
0.000937361,0.281394163,0.446220405,grapes,Bahraich
0.000164976,0.048215567,0.309047168,grapes,Lakhimpur
0.001282432,0.072119784,0.498218092,grapes,Dehradoon
0.004100341,0.358151102,0.350921097,grapes,Ambala
0.000196396,0.018064098,0.343162253,grapes,Faridabad
0.000294732,0.37497121,0.393043419,grapes,Gurgaon
0.001365563,0.016029953,0.457047351,grapes,Mewat
0.000946342,0.254366182,0.371648267,grapes,Kangra
0.001003747,0.100931337,0.3336852,grapes,Kangra
0.002223362,0.222265622,0.410338796,grapes,Kullu
0.000932381,0.079022929,0.354666986,grapes,Pune
0.00734607,0.006599909,0.423507043,grapes,Pune
0.001137755,0.615485301,0.452600431,grapes,Satara
0.000437816,0.126082207,0.361732944,grapes,Hoshiarpur
0.01055614,0.066456681,0.370733542,grapes,Hoshiarpur
0.000865376,0.055427391,0.441949033,grapes,Mansa
0.001893562,0.039113482,0.376356665,grapes,Mansa
0.000696207,0.056848565,0.397846261,grapes,Muktsar
0.005164091,0.361391669,0.37513095,grapes,Muktsar
0.003836339,0.133634435,0.407798768,grapes,Jalore
0.000809236,0.167241635,0.33295913,grapes,Bahraich
0.003657817,0.059104809,0.394037771,grapes,Lakhimpur
0.007022956,0.090162967,0.433713166,grapes,Dehradoon
0.004823076,0.102260255,0.316680856,grapes,Ambala
0.004940055,0.048758279,0.424465253,grapes,Faridabad
0.001801482,0.110479315,0.42923499,grapes,Gurgaon
0.000624232,0.20529299,0.299356939,grapes,Mewat
0.007515288,0.019826016,0.411147874,grapes,Kangra
0.000758425,0.318192127,0.397741454,grapes,Kangra
0.002065519,0.040693867,0.449880183,grapes,Kullu
9.71E-05,0.060584176,0.352676377,grapes,Pune
0.008764801,0.069866559,0.37967708,grapes,Pune
0.002045505,0.383424171,0.415299708,grapes,Satara
0.00096097,0.124530008,0.408304029,grapes,Hoshiarpur
0.003571466,0.059166817,0.361475635,grapes,Hoshiarpur
0.001035,0.099768909,0.361464652,grapes,Mansa
0.001132373,0.035058681,0.456299878,grapes,Mansa
0.003736884,0.405084033,0.34254121,grapes,Muktsar
0.004677618,0.012051854,0.350391804,grapes,Muktsar
0.000993374,0.21563303,0.408340077,grapes,Jalore
0.000134311,0.160259161,0.377749201,grapes,Bahraich
0.007955097,0.010875708,0.40966285,grapes,Lakhimpur
0.000131142,0.695212849,0.453867715,grapes,Dehradoon
0.000438903,0.014368868,0.297120771,grapes,Ambala
0.000571253,0.074653784,0.454762301,grapes,Faridabad
0.007941727,0.346148994,0.335986515,grapes,Gurgaon
0.000357209,0.129382596,0.474150411,grapes,Mewat
0.004005269,0.047393493,0.402548464,grapes,Kangra
0.002503239,0.131755861,0.322909218,grapes,Kangra
0.000840483,0.106237859,0.439674935,grapes,Kullu
0.00203494,0.169169843,0.320147129,grapes,Pune
0.000768035,0.077812574,0.47951051,grapes,Pune
0.001996633,0.015485082,0.379139789,grapes,Satara
0.001464646,0.227848001,0.32946756,grapes,Hoshiarpur
0.004162806,0.152559177,0.43460601,grapes,Hoshiarpur
0.003299045,0.031767352,0.343045756,grapes,Mansa
0.005384348,0.211906218,0.40873657,grapes,Mansa
0.002998049,0.071145826,0.439088455,grapes,Muktsar
0.000816921,0.156412599,0.347542371,grapes,Muktsar
0.00337927,0.083355922,0.445128661,grapes,Jalore
0.00090402,0.023162849,0.362894765,grapes,Bahraich
0.00394212,0.316150153,0.387033137,grapes,Lakhimpur
0.000268114,0.108073298,0.349408144,grapes,Dehradoon
0.004307313,0.133972044,0.272206001,jute,Dhubri
0.015872954,0.047195327,0.39198422,jute,Sonitpur
0.001137867,0.087813944,0.507580633,jute,Burdwan
0.015848471,0.137966343,0.303883307,jute,Burdwan
0.001181157,0.107905763,0.376106518,jute,Malda
0.000915136,0.135060952,0.416380981,jute,Medinipur(W)
0.001971725,0.121007825,0.421346041,jute,Murshidabad
0.011388856,0.046208023,0.340549961,jute,Murshidabad
0.010582922,0.246184264,0.503380942,jute,Nadia
0.021930446,0.069251939,0.30984741,jute,Uttar Dinajpur
0.002315581,0.07840013,0.48500012,jute,Uttar Dinajpur
0.003861245,0.10451559,0.271906656,jute,Dhubri
0.000882535,0.069900713,0.423585882,jute,Sonitpur
0.004357778,0.14151372,0.459593025,jute,Burdwan
0.002078141,0.069764458,0.414067491,jute,Burdwan
0.004363627,0.110406207,0.362804869,jute,Malda
0.032874568,0.065963517,0.433154299,jute,Medinipur(W)
0.010751217,0.151879764,0.312689779,jute,Murshidabad
0.001876135,0.067932397,0.35000902,jute,Murshidabad
0.026483747,0.133909871,0.441834305,jute,Nadia
0.031335261,0.098662588,0.373450538,jute,Uttar Dinajpur
0.018563215,0.089036371,0.439603155,jute,Uttar Dinajpur
0.025812588,0.111405372,0.375486631,jute,Dhubri
0.013367873,0.08738804,0.428758474,jute,Sonitpur
0.003046442,0.09645669,0.280992546,jute,Burdwan
0.018268509,0.120639936,0.428577965,jute,Burdwan
0.001770891,0.074205402,0.376156358,jute,Malda
0.010120011,0.063194506,0.420725636,jute,Medinipur(W)
0.016789021,0.139160326,0.328811129,jute,Murshidabad
0.003501139,0.123872944,0.446419287,jute,Murshidabad
0.021431448,0.054101873,0.341014144,jute,Nadia
0.003753089,0.137579958,0.404364054,jute,Uttar Dinajpur
0.00923733,0.063306515,0.474727463,jute,Uttar Dinajpur
0.010103726,0.106068924,0.412544088,jute,Dhubri
0.005109846,0.06539564,0.330431658,jute,Sonitpur
0.027353457,0.186413121,0.347690097,jute,Burdwan
0.014358655,0.093306766,0.362486476,jute,Burdwan
0.011761206,0.061831793,0.393345806,jute,Malda
0.009433135,0.125997769,0.532286368,jute,Medinipur(W)
0.00801667,0.328397388,0.30302611,jute,Murshidabad
0.015472603,0.037793882,0.395005405,jute,Murshidabad
0.012700969,0.048967883,0.448110035,jute,Nadia
0.008478831,0.397081216,0.392426123,jute,Uttar Dinajpur
0.012452779,0.017479973,0.38097434,jute,Uttar Dinajpur
0.008116114,0.10432582,0.327399687,jute,Dhubri
0.001819615,0.130866135,0.428719384,jute,Sonitpur
0.007625543,0.075693019,0.415090662,jute,Burdwan
0.001037598,0.096787138,0.305620607,jute,Burdwan
0.008796064,0.05783593,0.438188179,jute,Malda
0.010101787,0.151559486,0.460312116,jute,Medinipur(W)
0.002360822,0.130985389,0.271104504,jute,Murshidabad
0.032288154,0.072430435,0.495032241,jute,Murshidabad
0.031908645,0.080068944,0.319476728,jute,Nadia
0.016702014,0.141002114,0.420430562,jute,Uttar Dinajpur
0.007734827,0.134295317,0.427518615,jute,Uttar Dinajpur
0.018891637,0.083634453,0.414896886,jute,Dhubri
0.012685028,0.192478403,0.300395099,jute,Sonitpur
0.008583863,0.095691127,0.468666892,jute,Burdwan
0.013217104,0.05185546,0.376983489,jute,Burdwan
0.030005472,0.089650236,0.34514483,jute,Malda
0.006611732,0.221332058,0.452461586,jute,Medinipur(W)
0.002918594,0.03389234,0.393844762,jute,Murshidabad
0.004899231,0.066173648,0.39694875,jute,Murshidabad
0.007930516,0.139227841,0.324906036,jute,Nadia
0.003472192,0.059458156,0.337064454,jute,Uttar Dinajpur
0.0101012,0.094205647,0.392447814,jute,Uttar Dinajpur
0.007524223,0.22519242,0.520616224,jute,Dhubri
0.013776751,0.064331463,0.385134463,jute,Sonitpur
0.007355774,0.06333132,0.375387786,jute,Burdwan
0.001892115,0.205557552,0.399972881,jute,Burdwan
0.009040778,0.040265435,0.347362261,jute,Malda
0.007377012,0.197040723,0.34166884,jute,Medinipur(W)
0.01975691,0.072612042,0.404360822,jute,Murshidabad
0.001856253,0.093156792,0.448367938,jute,Murshidabad
0.035285195,0.101749655,0.315397448,jute,Nadia
0.008512419,0.060899268,0.470387116,jute,Uttar Dinajpur
0.031712085,0.136255055,0.351174848,jute,Uttar Dinajpur
0.015248019,0.075719236,0.338961807,jute,Dhubri
0.004992012,0.251575921,0.420963632,jute,Sonitpur
0.001696168,0.093197337,0.425555147,jute,Burdwan
0.001533895,0.044127282,0.414485579,jute,Burdwan
0.012636151,0.22977122,0.290693839,jute,Malda
0.01153897,0.025423181,0.428237246,jute,Medinipur(W)
0.000311872,0.094495602,0.370261352,jute,Murshidabad
0.006387236,0.13004165,0.49764269,jute,Murshidabad
0.023011599,0.10624074,0.377226144,jute,Nadia
0.006591561,0.056320448,0.287639352,jute,Uttar Dinajpur
0.033627236,0.106408671,0.523988356,jute,Uttar Dinajpur
0.000235623,0.106665207,0.32277412,jute,Dhubri
0.006525605,0.160406671,0.403728758,jute,Sonitpur
0.029584239,0.053655023,0.318212562,jute,Burdwan
0.001775971,0.136100707,0.459758018,jute,Burdwan
0.013549063,0.098567346,0.365918022,jute,Malda
0.005146374,0.096038122,0.490906347,jute,Medinipur(W)
0.041511785,0.096981393,0.349050996,jute,Murshidabad
0.003334606,0.127746693,0.3632242,jute,Murshidabad
0.033856764,0.048213855,0.40443569,jute,Nadia
0.006364284,0.09755649,0.3867473,jute,Uttar Dinajpur
0.049947298,0.168046289,0.379763452,jute,Uttar Dinajpur
0.0001586,0.082974356,0.436547391,jute,Malda
0.010427975,0.06047574,0.401867957,lentil,Cachar
0.006086596,0.101050826,0.399401178,lentil,Mirzapur
0.000645135,0.083478203,0.368302115,lentil,Sitapur
0.00075652,0.411935804,0.313088354,lentil,Burdwan
0.004210303,0.113466209,0.457290885,lentil,Puruliya
0.002814218,0.057217564,0.306234495,lentil,Cachar
0.004905546,0.090021514,0.535345735,lentil,Mirzapur
0.005261274,0.088700836,0.245699352,lentil,Sitapur
1.08E-05,0.043906964,0.437078162,lentil,Burdwan
0.001983845,0.33297399,0.458190626,lentil,Puruliya
0.001926879,0.028251372,0.277429616,lentil,Cachar
0.006378338,0.163899178,0.453942996,lentil,Mirzapur
0.009100777,0.226656215,0.452058226,lentil,Sitapur
0.00506271,0.012660887,0.435198575,lentil,Burdwan
0.000220476,0.178591129,0.229073972,lentil,Puruliya
0.001834815,0.085258833,0.44182688,lentil,Cachar
0.000143979,0.234347997,0.490958166,lentil,Mirzapur
0.003859589,0.026617024,0.417543154,lentil,Sitapur
0.003209804,0.296973489,0.367533879,lentil,Burdwan
0.001048828,0.022878656,0.336629808,lentil,Puruliya
0.001912997,0.32514447,0.441723859,lentil,Cachar
0.00033665,0.016865515,0.405239733,lentil,Mirzapur
0.004412371,0.12359823,0.363182419,lentil,Sitapur
0.002897633,0.112775084,0.335899098,lentil,Burdwan
0.000783605,0.159934428,0.463980613,lentil,Puruliya
0.004276351,0.035863188,0.285591064,lentil,Cachar
0.009399692,0.223789068,0.470459329,lentil,Mirzapur
0.002084256,0.161233204,0.438034334,lentil,Sitapur
0.000145433,0.064949779,0.365325081,lentil,Burdwan
0.007788838,0.132558519,0.427960396,lentil,Puruliya
0.000816973,0.018827444,0.255058544,lentil,Cachar
0.00040072,0.095358823,0.453410764,lentil,Mirzapur
0.003245232,0.24710588,0.431953198,lentil,Sitapur
0.00154527,0.042670023,0.29635342,lentil,Burdwan
0.00155635,0.198577079,0.487488025,lentil,Puruliya
0.001210093,0.113046094,0.429101681,lentil,Cachar
0.00189394,0.031300433,0.320335362,lentil,Mirzapur
0.003306403,0.437603247,0.318237279,lentil,Sitapur
0.001553488,0.078462334,0.38986126,lentil,Burdwan
0.002769356,0.048271189,0.462780086,lentil,Puruliya
0.002797947,0.165003681,0.399802763,lentil,Cachar
0.002728528,0.060146094,0.39470702,lentil,Mirzapur
0.000554966,0.03689307,0.285488463,lentil,Sitapur
0.001575084,0.087224452,0.532562014,lentil,Burdwan
0.00544589,0.157857894,0.322692154,lentil,Puruliya
0.002456768,0.07130804,0.359929472,lentil,Cachar
6.77E-05,0.391093751,0.523192417,lentil,Mirzapur
0.004693877,0.024808328,0.339804876,lentil,Sitapur
0.002795191,0.463083246,0.389317825,lentil,Burdwan
0.002234651,0.065473706,0.349711399,lentil,Puruliya
0.002180221,0.050474763,0.379876544,lentil,Cachar
0.003755916,0.168239279,0.450204984,lentil,Mirzapur
0.000207849,0.05443915,0.360556911,lentil,Sitapur
0.006615433,0.044118925,0.30583506,lentil,Burdwan
0.004812373,0.054497764,0.477204991,lentil,Puruliya
0.003322013,0.268632785,0.356003916,lentil,Cachar
0.000484282,0.216239156,0.381696233,lentil,Mirzapur
0.000355483,0.09150286,0.501416337,lentil,Sitapur
0.001047935,0.049309103,0.398549741,lentil,Burdwan
0.001701432,0.055555545,0.36161141,lentil,Puruliya
0.011412751,0.166291475,0.371075056,lentil,Cachar
0.000987403,0.054191872,0.357537304,lentil,Mirzapur
0.001470469,0.375066189,0.395172819,lentil,Sitapur
0.006696354,0.093701083,0.369350479,lentil,Burdwan
0.000773011,0.11343952,0.389006651,lentil,Puruliya
0.002906979,0.009098488,0.391949017,lentil,Cachar
9.24E-05,0.384244164,0.422542365,lentil,Mirzapur
0.000835031,0.057929441,0.437485497,lentil,Sitapur
0.004177541,0.027765031,0.362438891,lentil,Burdwan
0.002238917,0.291983402,0.444372849,lentil,Puruliya
0.000204519,0.046866958,0.265434177,lentil,Cachar
0.006635126,0.177396603,0.365365055,lentil,Mirzapur
0.004636085,0.095429652,0.463227576,lentil,Sitapur
0.004173466,0.056387421,0.473823322,lentil,Burdwan
0.004997746,0.099853334,0.29523188,lentil,Puruliya
0.004424379,0.194744769,0.440192837,lentil,Cachar
0.005871881,0.075758799,0.45006675,lentil,Mirzapur
0.001305358,0.082180305,0.254268779,lentil,Sitapur
0.004233129,0.104829286,0.504617008,lentil,Burdwan
0.00861378,0.143482866,0.35741914,lentil,Puruliya
0.002191081,0.068335925,0.380911275,lentil,Cachar
0.001758271,0.235425327,0.334723018,lentil,Mirzapur
0.000731124,0.081343949,0.412925908,lentil,Sitapur
0.004353825,0.012613347,0.444399795,lentil,Burdwan
0.003516887,0.289780523,0.449420989,lentil,Puruliya
0.001865213,0.038023598,0.265006344,lentil,Cachar
0.012901819,0.0880895,0.367602625,lentil,Mirzapur
0.006193399,0.119506146,0.492126736,lentil,Sitapur
0.002059544,0.151293829,0.414036792,lentil,Burdwan
0.000494028,0.081105083,0.269721845,lentil,Puruliya
0.000291777,0.047499596,0.512332822,lentil,Cachar
0.000485163,0.16138538,0.343239278,lentil,Mirzapur
0.000164853,0.114706721,0.458034443,lentil,Sitapur
0.005785413,0.115647163,0.392116551,lentil,Burdwan
0.000540074,0.04152099,0.302088641,lentil,Puruliya
0.003476931,0.161465269,0.455387616,lentil,Cachar
0.000725947,0.238261853,0.319863428,lentil,Mirzapur
0.000180728,0.036948805,0.529396255,lentil,Sitapur
0.002596383,0.04774309,0.389354742,lentil,Burdwan
0.001940637,0.237912769,0.403432631,lentil,Puruliya
0.009250661,0.087528873,0.440106622,maize,Sonitpur
0.058742107,0.140494915,0.524163536,maize,Panchmahals
0.003085348,0.107099758,0.362527569,maize,Panchmahals
9.59E-05,0.056713505,0.38244879,maize,Jalgaon
0.0143876,0.15522302,0.326019065,maize,Ganjam
0.10221859,0.079226116,0.409393807,maize,Nowarangpur
0.009551969,0.06680722,0.376701534,maize,Tonk
0.015431926,0.222634054,0.373940362,maize,Coimbatore
0.000341841,0.046184643,0.382087576,maize,Coimbatore
0.030210642,0.085433699,0.376732209,maize,Coimbatore
0.022086086,0.097333428,0.400323105,maize,Dindigul
0.008648218,0.104941867,0.458451199,maize,Salem
0.00049536,0.111871862,0.438981342,maize,Vellore
0.044615656,0.080007392,0.304877766,maize,Villupuram
0.019891627,0.110690534,0.370805633,maize,Villupuram
0.022218407,0.125593369,0.420421277,maize,Villupuram
0.006454889,0.075752712,0.430689537,maize,Aligarh
0.000821793,0.131579461,0.330728809,maize,Bulandshahar
0.010223178,0.038415355,0.389857806,maize,Farukhabad
0.004915001,0.210807842,0.416495193,maize,Kannuj
0.016474043,0.068676602,0.416030928,maize,Kanpur
0.001899289,0.186102538,0.290171284,maize,Muzaffarnagar
0.001058608,0.066736869,0.537227109,maize,Sonitpur
0.00160511,0.098573854,0.281079308,maize,Panchmahals
0.023716837,0.039687815,0.369389053,maize,Panchmahals
0.012744566,0.176046068,0.511756341,maize,Jalgaon
0.004462892,0.120356932,0.319160549,maize,Ganjam
0.014640596,0.079494494,0.391399337,maize,Nowarangpur
0.005115745,0.08581477,0.351844105,maize,Tonk
0.013787672,0.081056095,0.505169029,maize,Coimbatore
0.001252652,0.112430944,0.348625058,maize,Coimbatore
0.00246191,0.135121232,0.438107361,maize,Coimbatore
0.025186568,0.070968411,0.373400183,maize,Dindigul
0.001563423,0.078023273,0.306376821,maize,Salem
0.012273066,0.087523894,0.498325336,maize,Vellore
0.006226565,0.171288553,0.378533548,maize,Villupuram
0.013831385,0.037381235,0.304842415,maize,Villupuram
0.002174948,0.167333595,0.516859109,maize,Villupuram
0.00268395,0.088287929,0.335150072,maize,Aligarh
0.000340694,0.058642403,0.371695274,maize,Bulandshahar
0.007639765,0.098137016,0.403912816,maize,Farukhabad
0.011814434,0.154674157,0.334435289,maize,Kannuj
0.001524921,0.104373897,0.470196275,maize,Kanpur
0.002612631,0.130188256,0.342764449,maize,Muzaffarnagar
0.0091036,0.128611109,0.478718489,maize,Sonitpur
0.020739551,0.09544504,0.359322356,maize,Panchmahals
0.007930389,0.050411371,0.364797095,maize,Panchmahals
0.008730118,0.084526532,0.437193408,maize,Jalgaon
0.012245573,0.130883913,0.349157833,maize,Ganjam
0.010490649,0.110331065,0.438874109,maize,Nowarangpur
0.003585907,0.155823456,0.375364788,maize,Tonk
0.000176557,0.076430323,0.386370906,maize,Coimbatore
0.001956719,0.050623146,0.367781765,maize,Coimbatore
0.005711923,0.087022981,0.392208822,maize,Coimbatore
0.009440277,0.04896631,0.327164412,maize,Dindigul
0.025676595,0.288008173,0.372738206,maize,Salem
0.003556394,0.053704058,0.402374323,maize,Vellore
0.010553441,0.139983389,0.381953374,maize,Villupuram
0.010260573,0.090667399,0.496593269,maize,Villupuram
0.008339766,0.101261709,0.342820248,maize,Villupuram
0.005144163,0.092982868,0.329983504,maize,Aligarh
0.012093225,0.042626685,0.395304482,maize,Bulandshahar
0.006270225,0.175118062,0.366955748,maize,Farukhabad
0.019826867,0.091635719,0.412572847,maize,Kannuj
0.011274007,0.120970434,0.387295,maize,Kanpur
0.023187224,0.151305834,0.512927857,maize,Muzaffarnagar
0.020103359,0.050750422,0.323968186,maize,Sonitpur
0.002518472,0.118063774,0.435925673,maize,Panchmahals
0.001345878,0.08270354,0.308038386,maize,Panchmahals
0.003943364,0.087604718,0.516958906,maize,Jalgaon
0.004637376,0.089082312,0.308254105,maize,Ganjam
0.028940524,0.091261797,0.452864091,maize,Nowarangpur
0.014467802,0.1199942,0.275805026,maize,Tonk
0.002296637,0.083645491,0.425555441,maize,Coimbatore
0.000174623,0.199054749,0.514663114,maize,Coimbatore
0.006923982,0.045380552,0.267793079,maize,Coimbatore
0.006553955,0.091532971,0.511618171,maize,Dindigul
0.008063887,0.158882208,0.26532373,maize,Salem
0.0168316,0.08984102,0.422645215,maize,Vellore
0.000970206,0.09460114,0.451610865,maize,Villupuram
0.020021875,0.120081356,0.437398086,maize,Villupuram
0.000731377,0.055497778,0.372420217,maize,Villupuram
0.006016275,0.113308773,0.335642898,maize,Aligarh
0.009646559,0.084430255,0.352964491,maize,Bulandshahar
0.004260001,0.116672254,0.466459884,maize,Farukhabad
0.020975809,0.089275761,0.386612886,maize,Kannuj
0.000559577,0.133940796,0.404100887,maize,Kanpur
0.004435292,0.109722777,0.36098348,maize,Muzaffarnagar
0.000882817,0.073324762,0.409221193,maize,Coimbatore
0.00098792,0.085523955,0.307048628,maize,Coimbatore
0.00149565,0.118996939,0.494938542,maize,Dindigul
0.006507803,0.063969133,0.362019224,maize,Salem
0.006743353,0.081598817,0.375174305,maize,Vellore
0.003214471,0.156376319,0.431841588,maize,Villupuram
0.002679188,0.101260021,0.343799085,maize,Villupuram
0.004783793,0.095252261,0.383697859,maize,Villupuram
0.006576913,0.08819693,0.412875468,maize,Aligarh
0.005039765,0.074980064,0.391901539,maize,Bulandshahar
0.033190894,0.094264481,0.384818185,maize,Farukhabad
0.00435816,0.114462564,0.439923061,maize,Villupuram
0.001759519,0.077637802,0.442115922,mango,Thirssur
0.00064018,0.098350997,0.255925558,mango,Kolhapur
0.004393005,0.022819811,0.519267468,mango,Kottayam
0.001716557,0.440872999,0.420735794,mango,Thirssur
0.002210345,0.040996338,0.438542143,mango,Thirssur
0.002485275,0.093068566,0.356144187,mango,Thirssur
0.0014691,0.088027148,0.276412526,mango,Kolhapur
0.001543759,0.197387866,0.465699899,mango,Kottayam
0.000856365,0.014756344,0.424793505,mango,Thirssur
0.000444433,0.48522289,0.2877363,mango,Thirssur
0.001254202,0.082225101,0.350521152,mango,Thirssur
0.004226261,0.106559336,0.442316213,mango,Kolhapur
0.007968679,0.017357661,0.597755608,mango,Kottayam
0.000322207,0.430504108,0.349472624,mango,Thirssur
0.001542901,0.023088801,0.303167657,mango,Thirssur
0.003922847,0.073008612,0.410900147,mango,Thirssur
4.37E-05,0.404677763,0.349874242,mango,Kolhapur
0.001634166,0.029143644,0.479762364,mango,Kottayam
4.64E-05,0.142870787,0.284289906,mango,Thirssur
0.00225954,0.176452396,0.358527529,mango,Thirssur
0.000320228,0.029420935,0.4830852,mango,Thirssur
0.006372699,0.097138214,0.375073603,mango,Kolhapur
0.002042648,0.084244569,0.537881656,mango,Kottayam
0.006612068,0.124051199,0.320086069,mango,Thirssur
0.003341374,0.165614779,0.277988118,mango,Thirssur
0.002384708,0.028274391,0.319825872,mango,Thirssur
0.000232118,0.081208419,0.578450602,mango,Kolhapur
0.003102358,0.174871028,0.454743797,mango,Kottayam
2.39E-05,0.259080977,0.190471485,mango,Thirssur
0.001060978,0.089747045,0.62269347,mango,Thirssur
0.000417618,0.050024264,0.428345257,mango,Thirssur
0.00260613,0.195495864,0.425002374,mango,Kolhapur
0.002000501,0.044138098,0.249790652,mango,Kottayam
0.002656814,0.242857739,0.479054514,mango,Thirssur
0.002944052,0.019916842,0.218753231,mango,Thirssur
0.003112805,0.149601973,0.660577632,mango,Thirssur
0.004526651,0.251090297,0.274034129,mango,Kolhapur
0.001095286,0.071763235,0.383931106,mango,Kottayam
0.001471067,0.063345681,0.568584366,mango,Thirssur
0.001502247,0.131864725,0.291147234,mango,Thirssur
0.000572827,0.017187684,0.269261594,mango,Thirssur
0.000429685,0.092118246,0.686494286,mango,Kolhapur
0.003679137,0.250358838,0.354086159,mango,Kottayam
0.007295877,0.080281588,0.326106066,mango,Thirssur
0.000932988,0.275487792,0.296159566,mango,Thirssur
0.000131595,0.010507411,0.572206771,mango,Thirssur
1.35E-05,0.238843951,0.236605636,mango,Kolhapur
0.003203235,0.170871007,0.584962823,mango,Kottayam
0.000510973,0.020226398,0.425937659,mango,Thirssur
0.000216534,0.27932701,0.355836648,mango,Thirssur
0.011723208,0.027498827,0.205193242,mango,Thirssur
0.008035208,0.077589341,0.474252898,mango,Kolhapur
0.008098115,0.340493161,0.470946443,mango,Kottayam
0.000809103,0.09983748,0.259642293,mango,Thirssur
0.000620696,0.043104478,0.67424808,mango,Thirssur
0.000205777,0.155134229,0.246120011,mango,Thirssur
0.002368636,0.031126271,0.511223801,mango,Kolhapur
0.005266284,0.083336088,0.223908674,mango,Kottayam
0.000828262,0.288179895,0.676784025,mango,Thirssur
0.000380324,0.134259613,0.401685438,mango,Thirssur
0.000630894,0.069614587,0.197365444,mango,Thirssur
0.000543961,0.022731142,0.479632218,mango,Kolhapur
0.004000043,0.101821388,0.463884122,mango,Kottayam
0.001630315,0.12254464,0.40954588,mango,Thirssur
0.0094033,0.111230119,0.437546279,mango,Thirssur
0.001856025,0.20617907,0.264350124,mango,Thirssur
0.010165186,0.029942743,0.476078278,mango,Kolhapur
0.005156057,0.606762027,0.243030298,mango,Kottayam
0.001998427,0.011496049,0.446768542,mango,Thirssur
0.001839699,0.195922251,0.573680907,mango,Thirssur
0.001524815,0.120093182,0.245426893,mango,Thirssur
0.004680665,0.11822115,0.44128079,mango,Kolhapur
0.000248939,0.117218762,0.262612109,mango,Kottayam
0.000560886,0.057075026,0.492593521,mango,Thirssur
0.001078382,0.086932054,0.546154536,mango,Thirssur
0.005528365,0.064775693,0.354613978,mango,Thirssur
0.001189819,0.079785556,0.218133418,mango,Kolhapur
0.001293709,0.122957108,0.621670833,mango,Kottayam
0.003712749,0.138602607,0.392905648,mango,Thirssur
0.001811531,0.159072371,0.363565574,mango,Thirssur
0.000646218,0.036347579,0.364723853,mango,Thirssur
0.005921338,0.155845005,0.353670451,mango,Kolhapur
0.000882342,0.074353137,0.341552798,mango,Kottayam
0.004951852,0.241794448,0.307542912,mango,Thirssur
0.00104544,0.067606235,0.449627038,mango,Thirssur
0.006633228,0.101202286,0.419402803,mango,Thirssur
0.003222742,0.107514952,0.35417993,mango,Kolhapur
0.004142527,0.011367012,0.487639275,mango,Kottayam
0.000366033,0.282444673,0.403870823,mango,Thirssur
0.004061407,0.035961137,0.357572341,mango,Thirssur
0.000519722,0.095129936,0.487140751,mango,Thirssur
0.002130484,0.446784306,0.363288904,mango,Kolhapur
0.005290969,0.127470497,0.373254198,mango,Kottayam
0.000296386,0.039413462,0.260145989,mango,Thirssur
0.002818336,0.142118464,0.456757045,mango,Thirssur
0.005491148,0.08451777,0.277215313,mango,Thirssur
0.000662786,0.032120535,0.516579369,mango,Kolhapur
0.001747369,0.148451319,0.537223558,mango,Kottayam
0.007360633,0.218291546,0.347327278,mango,Thirssur
0.006054634,0.04895566,0.304737383,mango,Thirssur
0.000806853,0.048361682,0.442914739,muskmelon,Pune
0.012964618,0.206494558,0.364428839,muskmelon,Pune
0.004992278,0.06452868,0.410986754,muskmelon,Pune
0.001178656,0.096671186,0.370277436,muskmelon,Pune
0.014330609,0.17840232,0.343824293,muskmelon,Pune
0.004660948,0.031915773,0.384153416,muskmelon,Pune
0.001087844,0.045802037,0.412141352,muskmelon,Pune
0.004239633,0.168509556,0.365071028,muskmelon,Pune
0.003055114,0.147426951,0.461598393,muskmelon,Pune
0.000852451,0.107248443,0.33582028,muskmelon,Pune
0.004609942,0.0621142,0.371482115,muskmelon,Pune
0.004904672,0.137521948,0.386217339,muskmelon,Pune
0.008068115,0.015332236,0.463618298,muskmelon,Pune
0.00489346,0.103720884,0.367933927,muskmelon,Pune
0.004490502,0.59545493,0.361186368,muskmelon,Pune
0.001272159,0.142288637,0.381786792,muskmelon,Pune
0.000806723,0.091385496,0.389475297,muskmelon,Pune
0.00027475,0.018513859,0.379673097,muskmelon,Pune
0.002099825,0.054706091,0.396560458,muskmelon,Pune
0.002045284,0.307761618,0.436453665,muskmelon,Pune
0.000103734,0.029489469,0.372768117,muskmelon,Pune
0.001611404,0.169171498,0.353618537,muskmelon,Pune
0.002103435,0.153262756,0.43761263,muskmelon,Pune
0.002043762,0.10504405,0.346784723,muskmelon,Pune
0.000828662,0.140353989,0.383810091,muskmelon,Pune
0.000225949,0.044319332,0.422567343,muskmelon,Pune
0.000514787,0.063652351,0.353740097,muskmelon,Pune
0.001066961,0.049210458,0.393865183,muskmelon,Pune
0.003449791,0.33441241,0.450482833,muskmelon,Pune
0.000746943,0.035907691,0.328553058,muskmelon,Pune
0.001643221,0.061358082,0.41879787,muskmelon,Pune
0.000233787,0.36949506,0.394603556,muskmelon,Pune
0.000206066,0.155298714,0.393103953,muskmelon,Pune
0.003807678,0.054382376,0.350250977,muskmelon,Pune
0.008774007,0.047413218,0.394651569,muskmelon,Pune
0.004408355,0.115590968,0.441874309,muskmelon,Pune
0.004021597,0.16286273,0.362058298,muskmelon,Pune
0.000737164,0.094650259,0.425095485,muskmelon,Pune
0.001914484,0.118841703,0.329130685,muskmelon,Pune
0.000903761,0.089488694,0.392361768,muskmelon,Pune
0.00692213,0.034352371,0.418740339,muskmelon,Pune
0.000337819,0.086950521,0.418195031,muskmelon,Pune
0.00103611,0.328406358,0.340728892,muskmelon,Pune
0.005008768,0.007087552,0.390962685,muskmelon,Pune
0.003089398,0.259564705,0.397468131,muskmelon,Pune
0.003370006,0.131336438,0.35246698,muskmelon,Pune
0.009260261,0.091874397,0.425903991,muskmelon,Pune
0.000265836,0.208991518,0.370001937,muskmelon,Pune
0.003376925,0.009442297,0.384068439,muskmelon,Pune
0.00134214,0.161501396,0.389488646,muskmelon,Pune
0.006665439,0.08171642,0.42198498,muskmelon,Pune
0.002127126,0.299773442,0.362410808,muskmelon,Pune
0.009566574,0.092260654,0.385667334,muskmelon,Pune
0.002384647,0.136248975,0.454919193,muskmelon,Pune
0.001777753,0.105869227,0.35499989,muskmelon,Pune
0.000639918,0.003227021,0.416966474,muskmelon,Pune
0.003206416,0.234865317,0.319951014,muskmelon,Pune
0.000245415,0.090000645,0.427564304,muskmelon,Pune
0.007021165,0.114986064,0.41991897,muskmelon,Pune
0.000194267,0.081106933,0.396328555,muskmelon,Pune
5.72E-05,0.297834835,0.318672481,muskmelon,Pune
0.001302441,0.070627828,0.428948007,muskmelon,Pune
1.36E-05,0.108278723,0.393530682,muskmelon,Pune
0.001800182,0.135286567,0.368393085,muskmelon,Pune
0.000551535,0.03851607,0.391012233,muskmelon,Pune
0.002180735,0.270040884,0.374025966,muskmelon,Pune
0.002360569,0.042412647,0.394827116,muskmelon,Pune
0.002610107,0.196642259,0.402823643,muskmelon,Pune
0.000416839,0.061465424,0.376567251,muskmelon,Pune
0.000902894,0.141554836,0.434015555,muskmelon,Pune
0.001755365,0.103066505,0.393060163,muskmelon,Pune
0.004163534,0.044067025,0.353225833,muskmelon,Pune
2.18E-05,0.160700353,0.3915252,muskmelon,Pune
0.002702731,0.009498913,0.360583385,muskmelon,Pune
9.76E-05,0.58914597,0.463953584,muskmelon,Pune
0.002044195,0.05461492,0.373917641,muskmelon,Pune
0.00143928,0.256554365,0.37410626,muskmelon,Pune
0.003985438,0,0.396918812,muskmelon,Pune
0.000127953,0.694132691,0.348779573,muskmelon,Pune
0.004071117,0.024723851,0.371687279,muskmelon,Pune
0.003439319,0.075464279,0.446582671,muskmelon,Pune
0.001575371,0.093750516,0.368438436,muskmelon,Pune
0.007680641,0.08767525,0.368743739,muskmelon,Pune
0.001118656,0.527748862,0.419395877,muskmelon,Pune
0.002858261,0.075201874,0.399753418,muskmelon,Pune
0.001405139,0.128849748,0.373756062,muskmelon,Pune
0.005593841,0.053098319,0.36661561,muskmelon,Pune
0.001580367,0.038306619,0.385623252,muskmelon,Pune
0.000948409,0.059116721,0.442339228,muskmelon,Pune
0.006357697,0.305302748,0.3731285,muskmelon,Pune
0.002494952,0.080735222,0.408979244,muskmelon,Pune
0.004518891,0.120905809,0.325787587,muskmelon,Pune
0.001721085,0.04034973,0.426785532,muskmelon,Pune
0.005566716,0.165805003,0.386248757,muskmelon,Pune
0.000895172,0.109467058,0.386472432,muskmelon,Pune
0.003355872,0.028793061,0.42214482,muskmelon,Pune
0.000425772,0.052162324,0.375288976,muskmelon,Pune
0.005423161,0.323205497,0.360570428,muskmelon,Pune
0.000709558,0.149196729,0.405532676,muskmelon,Pune
0.000621681,0.075993498,0.402679892,muskmelon,Pune
0.001481607,0.228398824,0.401765882,orange,Faridabad
0.003106956,0.193560828,0.508772159,orange,Gurgaon
0.000319956,0.009197951,0.373074324,orange,Mewat
5.21E-05,0.209871178,0.431635506,orange,Kangra
0.01318419,0.144590019,0.33077431,orange,Kangra
0.005153131,0.053529011,0.291508861,orange,Malappuram
0.000151511,0.326777358,0.532761885,orange,Dhar
0.001129854,0.019126176,0.370691061,orange,Sheopur
0.001319299,0.318890384,0.386867691,orange,Pune
0.000817735,0.002302792,0.404737565,orange,East Khasi Hills
0.001205543,0.882280116,0.396700704,orange,Sundergarh
0.00139713,0.01794292,0.332517491,orange,Sundergarh
0.001906771,0.305487173,0.408544544,orange,Sundergarh
0.004086945,0.126136621,0.303150576,orange,Lakhimpur
0.001421572,0.018559814,0.406573652,orange,Dehradoon
0.005587336,0.243970323,0.417329788,orange,Faridabad
0.003360629,0.029574091,0.449324455,orange,Gurgaon
0.007013161,0.206233635,0.368536366,orange,Mewat
0.000339041,0.03433191,0.438836078,orange,Kangra
0.006356376,0.23951989,0.399743539,orange,Kangra
0.005009826,0.180105144,0.385106642,orange,Malappuram
0.002614514,0.017613191,0.283940066,orange,Dhar
0.000130388,0.121087446,0.447429871,orange,Sheopur
0.000210009,0.10669221,0.440817771,orange,Pune
0.010362199,0.340705543,0.406796099,orange,East Khasi Hills
0.000878852,0.030912059,0.400694963,orange,Sundergarh
0.016338138,0.059842505,0.271679762,orange,Sundergarh
0.006608179,0.311538219,0.440593671,orange,Sundergarh
0.000681529,0.138024898,0.48811166,orange,Lakhimpur
0.000353148,0.065587416,0.342346984,orange,Dehradoon
0.000170704,0.02067236,0.419448584,orange,Faridabad
0.000604521,0.119937427,0.241967889,orange,Gurgaon
0.003450868,0.107927734,0.503492041,orange,Mewat
0.012388621,0.027783381,0.306371235,orange,Kangra
0.000582965,0.095381826,0.409737284,orange,Kangra
0.00110329,0.346990574,0.444964471,orange,Malappuram
0.004833084,0.237017556,0.297912975,orange,Dhar
0.00527133,0.03905197,0.453285139,orange,Sheopur
0.000214825,0.065126169,0.510186636,orange,Pune
0.004006653,0.037789891,0.304373653,orange,East Khasi Hills
0.001255419,0.283038883,0.434194355,orange,Sundergarh
0.008197845,0.037355846,0.416384613,orange,Sundergarh
7.62E-05,0.209748349,0.263439413,orange,Sundergarh
0.005529851,0.032881215,0.49942109,orange,Lakhimpur
0.00301239,0.287202202,0.409405757,orange,Dehradoon
0.002161303,0.085812643,0.305843579,orange,Faridabad
0.000567223,0.073542423,0.34343657,orange,Gurgaon
0.005342896,0.048075044,0.384895805,orange,Mewat
0.00061296,0.427181638,0.491685097,orange,Kangra
0.000806953,0.028519891,0.47952022,orange,Kangra
0.000294626,0.136982013,0.366212973,orange,Malappuram
0.002825497,0.111726881,0.379405572,orange,Dhar
0.000187267,0.094673004,0.276336839,orange,Sheopur
0.000633852,0.217289353,0.419350474,orange,Pune
0.00015139,0.044722917,0.500285203,orange,East Khasi Hills
0.003909096,0.031164008,0.307340499,orange,Sundergarh
3.70E-05,0.27474378,0.380386635,orange,Sundergarh
0.003445434,0.028234103,0.378906362,orange,Sundergarh
0.002426406,0.106627509,0.380729511,orange,Lakhimpur
0.008880143,0.123830364,0.463360296,orange,Dehradoon
0.002434178,0.154885469,0.373388146,orange,Faridabad
0.000311958,0.043482908,0.329555033,orange,Gurgaon
0.006890848,0.17625968,0.510690852,orange,Mewat
0.000447037,0.121484911,0.391900761,orange,Kangra
0.002938878,0.10723829,0.347647193,orange,Kangra
3.88E-05,0.064897801,0.316204334,orange,Malappuram
0.004445054,0.24583504,0.372271275,orange,Dhar
0.002145395,0.080540131,0.562364921,orange,Sheopur
0.002164037,0.100440904,0.267746865,orange,Pune
0.002718073,0.027570616,0.553280823,orange,East Khasi Hills
0.000292677,0.134537206,0.272318758,orange,Sundergarh
0.003057217,0.243214529,0.350771957,orange,Sundergarh
0.002313536,0.074668432,0.470524648,orange,Sundergarh
0.000952464,0.037771283,0.349402581,orange,Lakhimpur
0.004150354,0.061709247,0.458722824,orange,Dehradoon
0.003456133,0.153517237,0.315865405,orange,Faridabad
0.000791083,0.420895952,0.412998402,orange,Gurgaon
6.97E-05,0.046730625,0.457700119,orange,Mewat
0.001821886,0.118504782,0.344991325,orange,Kangra
0.000695323,0.009373015,0.469891151,orange,Kangra
0.000520448,0.471367473,0.391300104,orange,Malappuram
0.000105407,0.059715135,0.318680119,orange,Dhar
0.000812736,0.061072036,0.365950888,orange,Sheopur
0.002630499,0.134822133,0.375904073,orange,Pune
0.000150571,0.161140385,0.375044036,orange,East Khasi Hills
0.010321854,0.054468251,0.383239738,orange,Sundergarh
0.006024697,0.276995852,0.394930568,orange,Sundergarh
0.000891799,0.022113831,0.381699613,orange,Sundergarh
0.005120344,0.066712359,0.403312987,orange,Lakhimpur
0.002282202,0.213391183,0.470285167,orange,Dehradoon
0.003517026,0.069763583,0.388876109,orange,Faridabad
0.001456173,0.16753518,0.432387267,orange,Gurgaon
0.004095827,0.054635058,0.400441989,orange,Mewat
0.000853825,0.053897775,0.28379023,orange,Kangra
0.009041423,0.129167723,0.492654888,orange,Kangra
0.000954222,0.088026979,0.377590678,orange,Malappuram
0.001820506,0.055067033,0.341108018,orange,Dhar
0.00547517,0.2550363,0.397233686,orange,Sheopur
0.005566105,0.034137751,0.450151389,orange,Pune
0.002787165,0.585148562,0.363030015,orange,East Khasi Hills
0.001834762,0.021413651,0.321197146,papaya,Gurgaon
0.002273347,0.160269403,0.367512451,papaya,Kangra
0.000908541,0.332489326,0.406154529,papaya,Kangra
0.016176592,0.076192255,0.369949078,papaya,Kullu
0.000272665,0.003221723,0.426543764,papaya,Bangalore
0.00064643,0.627380493,0.393650411,papaya,Hoshiarpur
0.001022183,0.028698473,0.387268044,papaya,Tarntaran
0.001056581,0.347253249,0.374975381,papaya,Jalore
0.005262317,0.045689079,0.379450724,papaya,Agra
0.000799329,0.014949494,0.413473235,papaya,Agra
0.003165668,0.32464198,0.366321822,papaya,Agra
0.004084391,0.023877399,0.397678938,papaya,Baghpat
0.003496613,0.281108198,0.378191136,papaya,Ghaziabad
8.76E-05,0.152700302,0.365432859,papaya,Muzaffarnagar
0.004004525,0.014525279,0.437633401,papaya,Muzaffarnagar
0.001166632,0.296548455,0.360481446,papaya,Saharanpur
0.001502963,0.150925372,0.373981403,papaya,Saharanpur
0.003934112,0.195180189,0.427266064,papaya,Saharanpur
0.002867158,0.042562262,0.368970571,papaya,Dehradoon
0.002214706,0.052245716,0.415116907,papaya,Vadodara(Baroda)
0.001318266,0.098581438,0.361409716,papaya,Sepahijala
0.002683828,0.034972667,0.388406779,papaya,Sepahijala
0.001419855,0.957619543,0.382546385,papaya,Saharanpur
0.000199446,0.000170849,0.38304423,papaya,North 24 Parganas
0.001062758,0.090445149,0.386357044,papaya,Sounth 24 Parganas
0.00346789,1.022854317,0.382466593,papaya,Gurgaon
0.003412396,0.049532305,0.418816147,papaya,Kangra
0.001388999,0.085950073,0.380900366,papaya,Kangra
0.000999141,0.135694634,0.374208531,papaya,Kullu
0.003662925,0.039739028,0.423161922,papaya,Bangalore
0.001948955,0.080170063,0.350490842,papaya,Hoshiarpur
0.005116973,0.071340067,0.405509208,papaya,Tarntaran
0.001867369,0.200752489,0.394588031,papaya,Jalore
0.000227462,0.16732835,0.379150274,papaya,Agra
0.005067864,0.079727516,0.373823684,papaya,Agra
0.002964565,0.050720089,0.421316299,papaya,Agra
0.000289146,0.069795767,0.404592957,papaya,Baghpat
0.000219303,0.391423224,0.343347,papaya,Ghaziabad
0.000431138,0.001845569,0.431138037,papaya,Muzaffarnagar
4.24E-05,0.093018393,0.367746388,papaya,Muzaffarnagar
0.009842825,0.094214127,0.380464467,papaya,Saharanpur
0.003272943,0.154752446,0.401693461,papaya,Saharanpur
0.00325895,0.118359882,0.381680096,papaya,Saharanpur
0.000720647,0.060082668,0.380445455,papaya,Dehradoon
0.002264924,0.09534687,0.411752041,papaya,Vadodara(Baroda)
0.000211167,0.362585167,0.388003929,papaya,Sepahijala
0.000474772,0.097062016,0.400031068,papaya,Sepahijala
0.004745477,0.015834437,0.361221626,papaya,Saharanpur
0.004550779,0.397603845,0.388369247,papaya,North 24 Parganas
0.000967688,0.018652456,0.390148096,papaya,Sounth 24 Parganas
0.00151586,0.07955,0.375157616,papaya,Gurgaon
0.002322896,0.428658048,0.418491451,papaya,Kangra
0.001456549,0.068062703,0.385286666,papaya,Kangra
0.00119957,0.033138251,0.384437674,papaya,Kullu
0.004196772,0.083170946,0.380381228,papaya,Bangalore
0.000821614,0.290932473,0.378580684,papaya,Hoshiarpur
9.37E-06,0.164455038,0.40430889,papaya,Tarntaran
0.002339132,0.009761858,0.368055664,papaya,Jalore
0.001529801,0.761215833,0.386262815,papaya,Agra
0.000373897,0.013735835,0.414652473,papaya,Agra
0.005040517,0.255811765,0.38058831,papaya,Agra
0.001389577,0.10484207,0.41475531,papaya,Baghpat
0.002456848,0.118440145,0.381231227,papaya,Ghaziabad
0.005963809,0.08910748,0.36161521,papaya,Muzaffarnagar
0.000377194,0.02823435,0.405436533,papaya,Muzaffarnagar
0.0002394,0.256713252,0.402431777,papaya,Saharanpur
0.003884536,0.012538098,0.372050175,papaya,Saharanpur
0.000789631,0.092655783,0.399090515,papaya,Saharanpur
0.003565824,0.943077549,0.396744186,papaya,Dehradoon
0.000246778,0.105528488,0.3574537,papaya,Vadodara(Baroda)
0.006333596,0.002695012,0.412739218,papaya,Sepahijala
0.000968267,0.17136277,0.388047481,papaya,Sepahijala
0.003361432,0.490278683,0.372596641,papaya,Saharanpur
0.000437008,0.097342203,0.399871598,papaya,North 24 Parganas
0.003510703,0.015043724,0.40450427,papaya,Sounth 24 Parganas
7.30E-06,0.215426366,0.354869793,papaya,Gurgaon
0.00298245,0.031554363,0.423519013,papaya,Kangra
0.001587036,0.260332908,0.394093493,papaya,Kangra
0.006681002,0.090927995,0.353326059,papaya,Kullu
0.004064286,0.083208929,0.408628376,papaya,Bangalore
0.000899603,0.052205138,0.40352774,papaya,Hoshiarpur
0.001449115,0.041020513,0.351303053,papaya,Tarntaran
0.003474783,0.163152135,0.411571277,papaya,Jalore
0.001185669,0.461872331,0.404276023,papaya,Agra
0.000886441,0.005510048,0.369570111,papaya,Agra
0.001357119,0.366479389,0.374294503,papaya,Agra
0.004341213,0.04317607,0.379551833,papaya,Baghpat
0.003644648,0.082765898,0.4070314,papaya,Ghaziabad
0.002992702,0.308521337,0.379838234,papaya,Muzaffarnagar
0.01344004,0.062164597,0.384898583,papaya,Muzaffarnagar
0.003692184,0.18631618,0.39786428,papaya,Saharanpur
0.006231383,0.120234539,0.395981241,papaya,Saharanpur
0.000148597,0.011393129,0.39994058,papaya,Saharanpur
0.001353763,0.043164289,0.376569399,papaya,Dehradoon
0.0002172,0.13043359,0.412427421,papaya,Vadodara(Baroda)
0.001101362,0.118520302,0.387909031,papaya,Sepahijala
0.001292793,0.175447707,0.374079675,papaya,Sepahijala
0.001878976,0.063208552,0.368422937,papaya,Saharanpur
0.006369655,0.151961828,0.382084914,papaya,North 24 Parganas
0.000601534,0.072740391,0.393310526,papaya,Sounth 24 Parganas
0.001384391,0.095519033,0.2296995,pomegranate,Faridabad
0.011919503,0.044835978,0.390220596,pomegranate,Gurgaon
0.009511586,0.321421135,0.484914481,pomegranate,Mewat
0.005955904,0.057428633,0.35173521,pomegranate,Kangra
0.000244059,0.088371028,0.420753712,pomegranate,Kangra
0.011122479,0.066858345,0.365022958,pomegranate,Kangra
0.002113061,0.216378973,0.371354128,pomegranate,Ahmednagar
0.003400014,0.069395389,0.392095057,pomegranate,Satara
0.000866548,0.127197146,0.446871675,pomegranate,Muktsar
0.000466496,0.11850738,0.360679508,pomegranate,Jalore
0.00404421,0.09770612,0.30918286,pomegranate,Baghpat
0.000486918,0.050428138,0.491099548,pomegranate,Bhadohi(Sant Ravi Nagar)
0.009277899,0.040071511,0.294951,pomegranate,Lakhimpur
0.003533633,0.245840157,0.474664008,pomegranate,Dehradoon
0.000593423,0.081891439,0.349032565,pomegranate,Faridabad
0.000339382,0.06281915,0.468625351,pomegranate,Gurgaon
0.000256109,0.059667543,0.415821983,pomegranate,Mewat
0.00373876,0.120443894,0.274880717,pomegranate,Kangra
0.000908891,0.100963801,0.36312881,pomegranate,Kangra
6.22E-05,0.060762037,0.44346332,pomegranate,Kangra
0.002886855,0.442815854,0.427951457,pomegranate,Ahmednagar
0.002548829,0.057298862,0.321358304,pomegranate,Satara
0.001051744,0.042021341,0.417523788,pomegranate,Muktsar
0.00154384,0.13634064,0.384000046,pomegranate,Jalore
0.001021734,0.101711619,0.441865299,pomegranate,Baghpat
0.001338558,0.075231593,0.415171536,pomegranate,Bhadohi(Sant Ravi Nagar)
0.002249573,0.216342169,0.360608674,pomegranate,Lakhimpur
0.000484577,0.224116289,0.408757874,pomegranate,Dehradoon
0.000683883,0.00636654,0.423754886,pomegranate,Faridabad
0.000421769,0.192182412,0.25995459,pomegranate,Gurgaon
0.000883129,0.097175839,0.400379617,pomegranate,Mewat
0.00320281,0.11427382,0.479537631,pomegranate,Kangra
0.002470571,0.139614342,0.413788231,pomegranate,Kangra
0.00024474,0.053075165,0.360417482,pomegranate,Kangra
0.000946608,0.050777485,0.41059275,pomegranate,Ahmednagar
5.34E-05,0.375751079,0.396488836,pomegranate,Satara
0.002231396,0.102485506,0.330948762,pomegranate,Muktsar
0.000206153,0.03694968,0.462067071,pomegranate,Jalore
0.00174167,0.053829326,0.321644052,pomegranate,Baghpat
0.000254592,0.360682142,0.433691911,pomegranate,Bhadohi(Sant Ravi Nagar)
0.001748556,0.022447054,0.411772655,pomegranate,Lakhimpur
0.000158479,0.27704742,0.257220597,pomegranate,Dehradoon
0.000260765,0.021368227,0.580320375,pomegranate,Faridabad
0.001287319,0.327068497,0.264146543,pomegranate,Gurgaon
0.003713958,0.025145693,0.486688026,pomegranate,Mewat
0.00025599,0.08054747,0.316089771,pomegranate,Kangra
0.001598995,0.319140593,0.343205706,pomegranate,Kangra
0.000493908,0.126884531,0.453242776,pomegranate,Kangra
0.00348168,0.021513448,0.483738138,pomegranate,Ahmednagar
0.00037473,0.22124328,0.402121808,pomegranate,Satara
0.001085861,0.050574879,0.384463337,pomegranate,Muktsar
0.00153263,0.168568104,0.3571509,pomegranate,Jalore
0.001955459,0.038869484,0.429018862,pomegranate,Baghpat
0.001213046,0.164769126,0.374812469,pomegranate,Bhadohi(Sant Ravi Nagar)
0.006893901,0.128969371,0.260178226,pomegranate,Lakhimpur
0.007763256,0.192808125,0.500930543,pomegranate,Dehradoon
0.002171164,0.04856998,0.432894685,pomegranate,Faridabad
0.000916844,0.0675054,0.292519945,pomegranate,Gurgaon
0.003307274,0.212820545,0.361486034,pomegranate,Mewat
0.000743559,0.115196089,0.474846882,pomegranate,Kangra
0.000420762,0.025455535,0.302762179,pomegranate,Kangra
0.002269282,0.31918478,0.439608211,pomegranate,Kangra
0.003394291,0.008869612,0.48273853,pomegranate,Ahmednagar
0.006398492,0.531893515,0.320548489,pomegranate,Satara
0.00025749,0.073309683,0.393336704,pomegranate,Muktsar
0.003690679,0.057210813,0.350396681,pomegranate,Jalore
0.003200016,0.084932205,0.458893144,pomegranate,Baghpat
0.000639162,0.196098775,0.439900272,pomegranate,Bhadohi(Sant Ravi Nagar)
0.000329605,0.029620287,0.323935803,pomegranate,Lakhimpur
0.000462225,0.174139901,0.414371797,pomegranate,Dehradoon
0.000758895,0.157012169,0.350701957,pomegranate,Faridabad
0.009496868,0.103006163,0.446306554,pomegranate,Gurgaon
0.001435229,0.045649419,0.344444092,pomegranate,Mewat
0.000821697,0.098752995,0.454544657,pomegranate,Kangra
0.001159056,0.182495175,0.378408577,pomegranate,Kangra
0.006770961,0.023711362,0.31738487,pomegranate,Kangra
0.00578374,0.198291294,0.344783095,pomegranate,Ahmednagar
0.005860952,0.120169728,0.538700344,pomegranate,Satara
0.001093671,0.142728755,0.293444645,pomegranate,Muktsar
0.001125038,0.040952939,0.485852979,pomegranate,Jalore
0.001555632,0.284529721,0.385011068,pomegranate,Baghpat
0.001310528,0.012405503,0.384501303,pomegranate,Bhadohi(Sant Ravi Nagar)
0.002383882,0.108018884,0.286583331,pomegranate,Lakhimpur
0.000584805,0.151216342,0.370469886,pomegranate,Dehradoon
0.003383872,0.03608023,0.397127712,pomegranate,Faridabad
0.004218672,0.182472667,0.373273606,pomegranate,Gurgaon
0.000872284,0.216294926,0.449012617,pomegranate,Mewat
0.003153926,0.02921515,0.423323429,pomegranate,Kangra
0.00170618,0.130702955,0.323564635,pomegranate,Kangra
0.001751451,0.089304854,0.538708417,pomegranate,Kangra
0.000436231,0.053944181,0.278023826,pomegranate,Ahmednagar
0.002850398,0.463145072,0.518966663,pomegranate,Satara
0.003860451,0.076901192,0.269377243,pomegranate,Muktsar
0.000603043,0.014744529,0.444129106,pomegranate,Jalore
0.003465856,0.125901295,0.348943881,pomegranate,Baghpat
0.002853666,0.189482727,0.525550511,pomegranate,Bhadohi(Sant Ravi Nagar)
0.000264513,0.040001669,0.324961607,pomegranate,Lakhimpur
0.000578923,0.407397863,0.463402505,pomegranate,Dehradoon
0.001980808,0.037519821,0.321485003,pomegranate,Jalore
0.001697131,0.156078663,0.352817508,pomegranate,Baghpat
1,0.086156943,0.318930531,rice,Cachar
0.098140312,0.101958447,0.46375837,rice,Cachar
0.272164506,0.10417896,0.316242344,rice,Dhubri
0.179146872,0.087673149,0.449823378,rice,Dhubri
0.137647805,0.09259031,0.340589405,rice,Jorhat
0.084076662,0.183423032,0.260575877,rice,Sonitpur
0.21069163,0.084650878,0.390644005,rice,Sonitpur
0.144072021,0.096732401,0.50009127,rice,Bishnupur
0.113991606,0.090798479,0.3541374,rice,Chandel
0.03177502,0.060486436,0.289673532,rice,Imphal East
0.454025447,0.093052832,0.647805938,rice,Imphal West
0.08184478,0.182466281,0.178093001,rice,Thoubal
0.142490589,0.051684639,0.630768882,rice,Mayurbhanja
0.154182974,0.095683496,0.38515037,rice,Sundergarh
0.01573622,0.166615815,0.397532616,rice,North Tripura
0.194600688,0.052093963,0.314280409,rice,Agra
0.212516762,0.10424665,0.464774201,rice,Agra
0.169560238,0.163490932,0.292352896,rice,Agra
0.053304105,0.090120549,0.377502812,rice,Agra
0.179779055,0.090830591,0.45490022,rice,Bahraich
0.115923703,0.056637683,0.248074569,rice,Ballia
0.034977183,0.111332535,0.511196245,rice,Chitrakut
0.044882356,0.142801549,0.415064946,rice,Ghaziabad
0.038135825,0.093876406,0.506865504,rice,Kannuj
0.216822534,0.060129435,0.424663268,rice,Lakhimpur
0.062390411,0.097904713,0.262028637,rice,Mau(Maunathbhanjan)
0.097609468,0.156331384,0.470894165,rice,Mirzapur
0.407655755,0.1072888,0.311515202,rice,Muzaffarnagar
0.181001002,0.048976998,0.36729388,rice,Muzaffarnagar
0.046535985,0.096920764,0.364721921,rice,Sonbhadra
0.277062854,0.102251534,0.448906595,rice,Bankura
0.158204146,0.150402887,0.389281814,rice,Bankura
0.079682914,0.055417931,0.248694891,rice,Bankura
0.078047541,0.170682331,0.537872818,rice,Burdwan
0.071350982,0.057866536,0.367262423,rice,Burdwan
0.279632239,0.148982497,0.389658203,rice,Burdwan
0.134902794,0.09810923,0.344427769,rice,Burdwan
0.501939483,0.098622597,0.608583947,rice,Burdwan
0.41848108,0.086607603,0.225557891,rice,Burdwan
0.184484209,0.065722154,0.488606135,rice,Hooghly
0.307929254,0.101182924,0.296753243,rice,Malda
0.009443353,0.091764135,0.551748916,rice,Malda
0.005160545,0.192171304,0.328149712,rice,Medinipur(W)
0.094139487,0.099336382,0.488798025,rice,Medinipur(W)
0.028866422,0.057587485,0.289056553,rice,Murshidabad
0.062584316,0.118787294,0.288801227,rice,Murshidabad
0.082911564,0.090469013,0.714913466,rice,Nadia
0.124457621,0.103684575,0.327613889,rice,Puruliya
0.00673688,0.107013347,0.450931864,rice,Puruliya
0.003975647,0.074822621,0.180020955,rice,Sounth 24 Parganas
0.041666123,0.112888096,0.573266746,rice,Sounth 24 Parganas
0.135913333,0.061734051,0.448686035,rice,Uttar Dinajpur
0.040536926,0.177368217,0.234493293,rice,Uttar Dinajpur
0.023592025,0.061468139,0.375197353,rice,Cachar
0.070965765,0.120053428,0.468516907,rice,Cachar
0.082100405,0.055871417,0.484650375,rice,Dhubri
0.028615869,0.095759433,0.280225909,rice,Dhubri
0.070892913,0.104447933,0.53114235,rice,Jorhat
0.02831577,0.14359469,0.321585151,rice,Sonitpur
0.031137454,0.135517257,0.499248932,rice,Sonitpur
0.070593026,0.064511271,0.239396799,rice,Bishnupur
0.013944977,0.108669084,0.507258944,rice,Chandel
0.147175199,0.083418017,0.38989592,rice,Imphal East
0.041362098,0.070281278,0.273958129,rice,Imphal West
0.011107538,0.086816289,0.503457074,rice,Thoubal
0.010104011,0.110402171,0.276614345,rice,Mayurbhanja
0.174141394,0.136097188,0.547962153,rice,Sundergarh
0.019642186,0.081038878,0.204887376,rice,North Tripura
0.02909919,0.088233298,0.566426978,rice,Agra
0.003818857,0.0819807,0.442169554,rice,Agra
0.015447891,0.097061419,0.428845753,rice,Agra
0.004866159,0.120485081,0.324204186,rice,Agra
0.036886175,0.146924204,0.458252596,rice,Bahraich
0.00395064,0.059052297,0.365053734,rice,Ballia
0.009989196,0.1018571,0.380613175,rice,Chitrakut
0.00939422,0.077233998,0.476930404,rice,Ghaziabad
0.003246126,0.097079265,0.148555499,rice,Kannuj
0.009884448,0.096490059,0.537609745,rice,Lakhimpur
0.030272827,0.14832181,0.537786206,rice,Mau(Maunathbhanjan)
0.002793204,0.065082815,0.229274114,rice,Mirzapur
0.02041331,0.14688866,0.394541787,rice,Muzaffarnagar
0.006565669,0.078696223,0.456292068,rice,Muzaffarnagar
0.035971251,0.075304749,0.352259566,rice,Sonbhadra
0.004415243,0.15280627,0.328513484,rice,Bankura
0.020971486,0.065961892,0.499736701,rice,Bankura
0.00472641,0.135601554,0.257434336,rice,Bankura
0.000521501,0.053662284,0.495785017,rice,Burdwan
0.075924241,0.104531597,0.304393599,rice,Burdwan
0.029689536,0.126217978,0.552230716,rice,Burdwan
0.00242008,0.07976257,0.450517623,rice,Burdwan
0.00182807,0.080101317,0.426276131,rice,Burdwan
0.001150923,0.184719125,0.272531774,rice,Burdwan
0.001611022,0.046250107,0.537627341,rice,Hooghly
0.000848926,0.130995242,0.255643658,rice,Malda
0.003198055,0.088150965,0.451682745,rice,Malda
0.011382748,0.087575568,0.378130591,rice,Medinipur(W)
0.031567579,0.097613969,0.331288357,rice,Medinipur(W)
0.022153973,0.119062396,0.514925626,rice,Murshidabad
0.001820355,0.082550162,0.226362418,rice,Murshidabad
0.000855398,0.10090053,0.438573284,watermelon,Bangalore
0.000822792,0.013991234,0.444684191,watermelon,Pune
0.001192882,0.119610863,0.345814716,watermelon,Pune
0.000679248,0.329604978,0.409829673,watermelon,Satara
0.001448878,0.062185633,0.423775766,watermelon,Gajapati
0.000998974,0.087130157,0.313164049,watermelon,Bangalore
0.000835831,0.103763236,0.423711295,watermelon,Pune
0.008673341,0.180170685,0.427583636,watermelon,Pune
0.009844278,0.020518963,0.356100818,watermelon,Satara
0.002612541,0.081121307,0.34071011,watermelon,Gajapati
0.000582047,0.432652531,0.390560115,watermelon,Bangalore
0.005755456,0.067121266,0.428458262,watermelon,Pune
0.001354415,0.016169017,0.441269109,watermelon,Pune
0.005217448,0.156116095,0.323378182,watermelon,Satara
0.004386774,0.160732923,0.382116631,watermelon,Gajapati
0.000915843,0.171961317,0.440967841,watermelon,Bangalore
0.005194262,0.03186441,0.371715255,watermelon,Pune
0.011433192,0.077465297,0.414874824,watermelon,Pune
0.001485691,0.320648027,0.355407685,watermelon,Satara
0.004212523,0.074684253,0.36602233,watermelon,Gajapati
0.002991799,0.025171927,0.410799933,watermelon,Bangalore
0.00396558,0.692562057,0.369962435,watermelon,Pune
0.00185333,0.014560641,0.444057692,watermelon,Pune
0.000366023,0.214140317,0.373987121,watermelon,Satara
0.000943475,0.025109348,0.397743054,watermelon,Gajapati
0.004413717,0.081274031,0.324132658,watermelon,Bangalore
0.006177831,0.707041258,0.466262346,watermelon,Pune
0.002668944,0.077542345,0.378042347,watermelon,Pune
0.006098295,0.073965548,0.396913413,watermelon,Satara
0.010393122,0.023741357,0.32569862,watermelon,Gajapati
0.000220583,0.349106523,0.436446339,watermelon,Bangalore
0.00279296,0.14708939,0.372380713,watermelon,Pune
0.00201888,0.005391085,0.39267624,watermelon,Pune
0.001410612,0.132986564,0.41243796,watermelon,Satara
0.003239066,0.083413472,0.349916008,watermelon,Gajapati
0.000747295,0.104794401,0.374021273,watermelon,Bangalore
0.002086553,0.077711278,0.378910836,watermelon,Pune
0.002815449,0.348359073,0.476495183,watermelon,Pune
0.002887901,0.089925943,0.36122117,watermelon,Satara
0.006714067,0.018714273,0.427694863,watermelon,Gajapati
0.007600558,0.081721576,0.382482978,watermelon,Bangalore
0.000298329,0.125495355,0.348400783,watermelon,Pune
0.005756766,0.511504345,0.436046076,watermelon,Pune
0.0007589,0.020668615,0.384729778,watermelon,Satara
0.001512619,0.282036653,0.391868961,watermelon,Gajapati
0.004908153,0.109744833,0.320911412,watermelon,Bangalore
0.00094428,0.041033708,0.398060144,watermelon,Pune
0.005716174,0.038878303,0.399504598,watermelon,Pune
0.003497009,0.135030027,0.436251964,watermelon,Satara
0.005507004,0.307900802,0.327244619,watermelon,Gajapati
0.000555208,0.030873954,0.374777676,watermelon,Bangalore
8.19E-05,0.33908961,0.409984989,watermelon,Pune
3.65E-06,0.070566376,0.391861123,watermelon,Pune
0.004108451,0.111098954,0.446009836,watermelon,Satara
0.002778894,0.149273245,0.311894203,watermelon,Gajapati
0.000744039,0.050453194,0.434701038,watermelon,Bangalore
0.017926105,0.098506538,0.406842569,watermelon,Pune
0.003027454,0.079303266,0.332811513,watermelon,Pune
0.004891867,0.021114054,0.41996892,watermelon,Satara
0.001875541,0.474938691,0.358210019,watermelon,Gajapati
0.000104177,0.021286834,0.466185817,watermelon,Bangalore
0.008711237,0.164951718,0.352119596,watermelon,Pune
0.001688619,0.150821986,0.374473442,watermelon,Pune
0.00143786,0.061350117,0.434728369,watermelon,Satara
0.001394729,0.200461619,0.375689886,watermelon,Gajapati
0.001333099,0.019870768,0.338999219,watermelon,Bangalore
0.004057779,0.275173314,0.445500595,watermelon,Pune
0.000736759,0.004336556,0.357857362,watermelon,Pune
0.001779342,0.347920504,0.375413883,watermelon,Satara
0.007496346,0.240051705,0.395911773,watermelon,Gajapati
0.001070877,0.020128591,0.439316427,watermelon,Bangalore
0.00207814,0.044724314,0.386153057,watermelon,Pune
0.000319335,0.090286378,0.35404921,watermelon,Pune
0.002218603,0.263830954,0.427650548,watermelon,Satara
0.002337254,0.388641003,0.384395785,watermelon,Gajapati
0.00178831,0.017881523,0.382186683,watermelon,Bangalore
0.003702859,0.078188677,0.416542088,watermelon,Pune
0.003866279,0.040925777,0.347023376,watermelon,Pune
0.003089644,0.744646506,0.389955726,watermelon,Satara
0.002660848,0.004655441,0.346684998,watermelon,Gajapati
0.001283877,0.456800798,0.407051774,watermelon,Bangalore
0.001711164,0.029375331,0.379929485,watermelon,Pune
0.000817777,0.173048035,0.452136677,watermelon,Pune
0.000269889,0.276600114,0.35757391,watermelon,Satara
0.002206265,0.030561745,0.340503097,watermelon,Gajapati
0.000407338,0.208736596,0.453085299,watermelon,Bangalore
0.000378644,0.088234252,0.425501482,watermelon,Pune
0.001503592,0.036771667,0.322450573,watermelon,Pune
0.000495484,0.053587808,0.440058858,watermelon,Satara
0.000521979,0.25415384,0.406667304,watermelon,Gajapati
0.000538367,0.052904178,0.333448925,watermelon,Bangalore
0.001050965,0.089531034,0.373904865,watermelon,Pune
1.43E-05,0.091369916,0.395537036,watermelon,Pune
0.002552633,0.046886083,0.418341307,watermelon,Satara
0.00812999,0.769582271,0.423026996,watermelon,Gajapati
0.000600814,0.103269449,0.375402142,watermelon,Bangalore
0.008123998,0.06723598,0.332430361,watermelon,Pune
0.000226309,0.026649916,0.464788082,watermelon,Pune
0.00103265,0.326755052,0.346451415,watermelon,Satara
0.004460397,0.071117007,0.367921924,watermelon,Gajapati
