rainfall,temperature
104.9116663,23.8812458
113.9760462,21.22503442
110.4317855,22.75088787
105.0508234,22.69780133
120.0586671,21.80129837
104.5086618,21.11478672
116.7431319,23.64082979
117.6602827,23.75033085
106.1417017,21.37784654
116.0777931,23.41044706
107.1728191,23.59997268
118.6044645,22.91430043
114.8407725,22.45696744
107.1843273,22.44516988
113.7759219,22.77856513
121.8961665,23.71475278
102.8017203,21.12152071
112.6676589,23.71059131
109.8852597,22.71271308
107.9868949,23.50201428
103.6838922,21.19909519
122.1449949,22.78234161
111.7763395,23.46260321
121.4977331,22.44075021
108.3405879,22.63946441
104.2298028,23.67287749
101.8474768,22.53779727
113.0688155,22.31253665
110.712841,23.15791104
100.1173443,22.31944084
124.9831618,22.36629253
115.1781396,21.70416965
105.0241329,23.86087054
105.5473627,22.48403042
121.1349176,22.02775403
124.3915101,22.49095104
102.2648546,23.76881552
119.1025189,22.43324518
112.8954016,23.34467359
123.5900822,23.6119202
122.5391946,21.1316077
109.0658471,21.25941052
117.7296726,22.86006627
117.6102915,23.99686172
121.6622761,22.19055385
104.6472986,22.96388477
105.3558408,23.25230817
122.1952483,22.98458907
118.3979065,21.41363812
103.0548094,23.87192332
119.6335548,23.80593812
102.7230739,22.42776057
108.6211833,23.12652652
123.6495149,21.17089176
116.9256766,22.61711614
117.5314026,22.85267372
105.4004751,23.66682067
100.825956,23.76121837
109.5852253,22.98208095
107.0289866,22.71750705
124.2179699,22.47420512
100.6192543,23.80436344
107.855225,22.81212536
107.8737015,21.07273439
116.7366261,22.35548159
121.6961761,21.72484506
112.9203223,22.13450646
113.0381382,23.35225078
123.5977843,22.84852833
114.7412734,21.0365275
108.2166601,23.08950736
116.7036582,21.45278675
118.6832725,22.36238282
100.9343903,22.50050273
114.0512495,23.8494014
115.4789148,21.98141856
116.6912176,23.64142354
102.5565807,22.44307715
112.3126628,22.19109412
102.8045658,21.42177231
109.3383552,22.81227579
122.7418744,22.29423493
116.0396587,22.60800988
124.4683112,22.16939473
110.9804014,22.03911546
114.7399101,23.06204373
107.7697413,22.35628673
105.8554351,21.19852186
105.6941544,22.9215706
104.4267991,23.34386401
122.233323,21.18667419
115.3830068,22.52709326
108.183792,23.1094265
104.5412275,22.12659387
120.6310784,22.14464104
109.5966791,23.83053666
120.4359949,22.76643029
120.1593771,22.20700989
115.3611268,23.65167552
117.0761277,21.91191314
96.45042585,29.44795403
98.12565829,29.50704598
108.8547508,26.51682337
113.2297373,26.05433004
98.66679427,25.14748006
98.16752001,26.3985515
102.7867717,25.56703012
105.4220251,25.29391516
109.575944,29.16093424
118.2761894,28.08166093
109.5408614,28.09577643
97.55986676,27.96236771
111.0843029,28.55980972
90.43495443,29.01207743
113.1161095,26.47522633
119.4765557,27.96799119
102.4633775,28.65456263
115.8586081,25.19640218
90.66727868,29.2440638
92.78133617,27.39489579
111.0162259,26.4020227
94.37987496,28.67208915
100.5123341,26.59580783
110.4408803,25.05802193
116.3019555,25.86824781
108.8616474,29.22118628
98.00403016,28.22776705
108.3690513,25.01018457
109.2486647,29.38254012
91.40508414,28.14938935
119.0856171,25.85036988
99.20961514,27.81251452
99.34482238,29.55054817
100.0075679,29.16226551
109.022564,28.98333432
96.47800391,25.43480512
98.75084366,28.65003945
101.0494791,27.33368994
118.6730366,26.29039046
110.1331182,27.09062164
103.7040783,28.0106804
113.8729798,26.28845991
95.83016448,28.9470467
118.9923573,28.0764455
112.3982055,29.12036889
99.72430835,27.1994597
95.12322062,26.42313317
98.21747528,25.93730186
90.10978128,29.3159075
118.2583441,28.66725136
110.10323,25.90113128
110.2511102,29.66727337
116.5531455,25.36059237
114.2005455,25.78749808
102.2099836,27.71822477
109.0921631,27.94972463
110.3262123,27.53911354
114.5357503,25.86632408
117.229079,29.42017919
119.218154,25.14517635
104.4812858,26.12643374
117.2878912,27.84767901
90.94554618,25.16278237
93.10247183,25.56202173
97.32531705,27.00932084
92.82840911,29.36792366
105.0776992,27.50527651
108.5501443,29.21144871
119.695765,28.31193338
112.9794804,25.40909896
118.6858263,26.33544853
91.46442491,25.13686519
99.46950465,27.19711623
100.6619171,25.44926208
107.3944717,26.59743595
119.84797,25.94019018
109.2768851,27.48612983
112.0777152,25.99069521
116.1616839,28.6956201
94.68180316,28.00316034
109.9825551,26.59386409
91.99964712,29.90888522
91.73358569,26.6719835
94.32961456,25.08347445
104.9378,27.40053601
92.15524332,27.34585147
90.45142867,29.1400919
112.0700033,26.21009246
103.5045395,28.1279509
92.07835761,29.10403455
90.24211529,27.9122104
100.1692639,29.07311132
90.81250457,27.35911627
117.536781,29.14827211
91.34276507,27.57278064
91.06493353,25.34119774
94.31102057,27.39341554
108.3957179,28.05484146
112.1355384,27.39872329
108.66464,27.66752761
69.5274407,28.47442276
73.23573601,34.03679184
69.46020927,27.45853567
71.48327008,31.49338309
66.69096751,31.65531175
73.84949872,27.10053268
68.02199825,33.8642935
71.72980375,30.11873003
70.88787207,25.19857725
70.0866434,28.57006111
70.27184748,34.37329112
73.37686831,28.75751783
63.57445989,33.39438752
63.02169909,29.79181107
65.62859526,30.28496619
72.50669768,27.44003279
67.1367443,30.08545364
62.30278274,33.04687968
70.86340755,28.12787838
61.19250859,27.3254209
70.25496749,28.84079155
63.02473185,30.41588462
68.56507978,27.71678273
63.51822045,26.87187036
65.66436565,29.67892453
68.83924882,32.81705216
72.49507741,28.03644051
65.45328463,33.49077065
74.61649888,25.09737391
74.16699119,30.33499674
64.89517488,33.36984395
69.24464096,33.86351172
74.01229707,27.82592799
69.85112265,27.16159076
67.53021213,29.58949031
64.72797143,34.89814946
71.64631281,30.32992227
69.68862306,28.5417236
64.42177127,26.41768321
67.15096376,26.73433965
62.31842057,27.24766491
71.78615328,27.74274761
67.47677295,29.39982732
74.62068748,25.68576704
63.49726331,28.56840626
74.86960831,31.55846339
69.40878198,27.54384835
66.37171179,30.20157245
70.1415139,34.9466155
64.11411069,32.79766751
71.36947525,30.64095781
67.83345933,29.10713092
74.91559514,28.49538735
74.22238583,31.86847286
69.28607828,25.65842532
62.3061735,31.74105409
73.40452716,32.83963757
66.47264636,30.02629908
68.64685069,25.25596239
61.46892873,31.77681682
63.85668948,31.35730791
61.83876146,32.63918668
68.97097538,31.74379487
63.46546487,26.42333018
64.32887142,28.20667264
62.2737345,28.63005477
65.24194361,29.38400259
61.91208707,29.36358721
62.83469851,28.546224
60.4693835,27.05365239
65.820457,32.47648301
62.78730907,30.94908189
60.41790253,34.6008247
74.24459122,28.38686534
70.23207557,26.27274407
71.16331975,29.6321052
61.16350463,33.95309131
63.37784443,32.7477393
71.89090748,29.48439992
69.43895491,29.57812712
73.58663968,26.23773129
63.29900785,28.27265858
72.17818157,29.43463808
67.32520551,33.66855394
65.81655892,25.36586097
73.67166182,32.84213012
64.55882254,32.34744009
71.21006868,30.0328403
61.71111448,31.52104732
62.26242533,28.81460716
73.44678678,32.97030511
69.75555541,27.81326852
72.43169115,34.63880966
71.50569456,32.88733849
63.1830529,25.54960633
70.40795007,34.1262979
66.85510868,34.03619494
66.63830637,30.91219459
64.77651469,31.4345059
68.91754359,27.26458947
213.9011021,28.97318719
184.7624496,29.25902906
160.7306991,28.3575072
167.0470997,26.37978453
192.9036306,25.0707247
150.9502632,27.10134661
189.6711349,28.38503882
178.8116076,26.58580443
131.0900076,27.754298
156.6732553,27.5136304
145.5414413,28.43647052
194.9022136,26.92449525
218.080385,25.39241091
144.6261698,26.52166434
135.4186222,26.18552389
156.7650823,28.74013335
144.3331315,27.00648436
203.9283708,28.43572863
166.5712879,26.93141945
224.7006953,27.05826457
215.9195049,26.29644905
151.0761899,28.130115
212.867626,25.54759871
145.9298935,27.57283516
148.8398374,28.98545306
174.6256481,27.55821802
224.3206759,25.61294367
157.2388553,29.12859129
191.7723087,28.94099669
131.2451414,25.76011662
152.4238712,25.79490531
208.1181381,26.31270635
160.389421,28.48444906
224.8315729,29.56549169
201.8258633,27.31155708
142.1430003,27.45907759
172.0540491,25.94951662
134.1279669,26.1055118
165.8248732,25.60033702
205.5463111,27.63834933
147.8888994,25.84726298
171.6516396,28.05912437
132.1491176,29.28725038
205.5720367,29.03065024
149.2220255,26.45488737
171.7575545,27.0828252
218.0055713,28.03380598
211.2506267,29.20394909
142.9403233,28.28905147
143.533473,26.07010807
145.4172387,28.83214859
165.8092179,25.00872392
188.9252083,29.1797902
221.2258168,26.44600063
135.1272491,25.51618488
204.9603677,29.18032562
149.2433497,27.14865285
157.7592626,25.09897688
198.8234862,28.27298134
195.4115025,26.14162144
215.1968037,29.70143197
178.9635457,28.69164799
171.9457959,28.27804288
214.4128874,26.87037587
194.3100272,29.52501367
141.3220576,27.1872282
182.4482352,28.2974764
191.006688,26.61423461
199.8778403,26.50908611
191.2996157,25.54963273
222.803013,28.96318258
174.796583,25.03512351
145.0583117,28.87862994
134.8419069,25.06871967
162.8432736,27.59376845
224.4016682,28.84270971
147.1682459,27.02269204
204.7206567,27.1326009
171.6262299,26.58413917
178.7297725,25.51791333
150.0500312,29.01256899
179.8248944,25.02887163
192.7678575,29.8690834
225.6323656,26.91641934
209.540094,26.00175125
131.3387935,26.13958446
148.3003692,29.69952329
150.2012138,27.54273211
218.5241851,29.38072512
209.8453993,29.70931288
181.6942283,27.79797651
157.9171537,27.63551259
172.4813641,28.11321494
164.9182225,27.15116142
224.5903664,26.7627493
134.8370348,28.56973521
199.7936345,25.56567803
131.2116167,29.51611558
154.0621221,27.81132822
144.1571109,25.9490364
99.39557151,25.5308271
86.55517751,25.248679
72.82902109,25.31468463
71.94608134,24.58453146
79.56866268,24.86560781
77.55176318,22.72767171
69.91563467,24.1472953
99.75336197,22.9535715
80.96157332,23.64328417
67.08022574,22.94276687
70.40557612,22.21506982
88.57395505,22.60361557
86.00758678,22.04612876
76.88582484,25.46228792
88.43618918,25.36243778
90.94342484,24.484692
81.15072105,23.43821725
62.64174227,25.29250148
87.54004943,23.53371386
79.81328183,23.5000992
89.799462,24.69315538
98.60457373,24.41212325
61.82980133,24.65425757
66.48339303,22.95604064
69.45072055,24.32630461
74.94136567,22.10718988
84.63148859,23.96436009
69.08056728,24.18586246
61.94626051,24.16402322
64.23026638,22.45942937
66.19426787,25.68959532
88.54479121,23.65724079
70.65644296,23.04920461
93.51042684,25.07278712
81.05902285,24.29470232
97.76600619,22.75805656
77.03421249,25.84997269
78.58494391,24.69457084
81.49543437,22.77076388
78.59595817,25.66891439
70.97358303,23.80834611
67.06459777,22.08458267
86.76287924,23.47986888
78.58488484,25.5503704
65.54475812,22.426733
95.4262599,25.53676123
60.79645852,24.43847399
80.36146974,24.14386157
90.4547185,23.86814008
89.76050416,24.88738107
80.03995829,24.96440768
91.49697481,23.03814028
71.29581071,23.09595631
65.0247867,24.3017998
90.64770699,23.03887865
91.9223468,24.87663664
91.6389565,22.80213132
64.02949379,24.49112609
60.65381719,22.14593688
88.94245493,25.54359718
75.13617229,22.60612115
71.84080724,23.0865933
90.8022356,24.40228894
64.61444234,22.78249615
96.32600992,25.0017188
74.14169043,25.96779712
65.35747011,22.31871914
74.8984994,23.65629976
67.05961949,25.49848236
93.46595573,22.4204752
99.36898373,23.66457347
89.1188212,25.99237426
90.42224164,22.00085141
97.10087029,25.03300222
83.46532547,25.32023717
86.84998693,22.45145981
78.82199603,23.41022496
86.06411872,25.00755095
71.85436078,22.46054478
62.5138867,25.40059227
76.63669195,23.73868041
99.93100821,25.72180042
90.07326633,22.74446976
90.75616738,23.9656349
92.91915074,22.92360984
91.39578861,25.78544484
72.49800885,23.60564038
92.23645249,22.00817088
63.88079866,24.54795322
90.41694635,24.29144926
66.26555904,23.7805123
69.31153566,24.68854799
84.62419032,25.16820129
93.50153555,23.45969093
84.12536744,23.54234715
95.0191318,25.03149561
80.11272117,23.51308653
71.67870701,23.37044424
85.24963302,24.71252544
76.13090645,23.9643129
74.10225057,11.82768186
67.235765,8.825674745
68.68895899,41.18664903
69.71518491,35.12158265
74.91506217,39.70772192
67.92204319,33.4641162
69.75734306,18.4269936
68.06417307,29.58748357
70.08200379,30.50734778
74.19664838,41.65602996
66.57462809,16.27852801
73.06862952,41.94865736
69.63122027,12.14190714
71.43001582,31.11047251
73.28712806,16.76201707
68.8503047,29.12033769
74.53557341,33.78372897
70.68098614,33.34214482
67.03840888,25.23542319
65.80006004,13.28504331
65.34440794,22.03296178
69.92092839,27.92004934
74.40198861,15.99050693
70.75633584,13.05809741
72.24230804,36.73126647
72.37127689,17.98667801
73.67984885,35.83089092
66.02765219,9.467960445
74.82144653,15.31413469
71.06611222,20.28370163
70.95666003,27.02766138
70.31782647,25.96308415
73.34232097,28.57828803
66.00817551,9.949929082
69.66256816,19.89363946
71.03001556,34.38922481
68.23963161,11.02105378
66.48490371,29.67229086
68.73932528,32.44577836
65.52279323,29.93707596
69.44115171,9.535585543
66.93065667,20.42094753
73.55807954,18.73932187
68.66813363,12.087022
69.30927185,26.91624843
68.42802444,9.851242629
69.706113,24.57558351
65.01095312,31.3115978
67.15094741,19.3642553
69.30772897,39.06555518
67.2739864,23.81995682
69.81855775,24.06679352
68.38135469,30.7280404
66.76285469,16.77557314
73.69529586,19.6491772
67.12534492,29.99677232
71.18289431,11.36300891
66.38448261,21.01245395
74.08101744,39.37102553
66.77844567,12.7567962
67.3917379,10.38004759
66.83872293,37.46566825
74.46411148,9.724457611
65.70430027,34.76086052
68.69420397,10.89875873
73.02882766,27.83487131
66.5964488,18.70679077
70.42508897,27.23708304
69.17281221,25.51939719
65.70148216,38.06099482
70.39906054,39.64851881
65.84748763,17.82803682
74.10919422,25.67385024
71.63437433,14.97846952
69.8671263,17.66558428
66.05911698,26.18159716
73.77063744,17.5438296
73.01026829,25.11108456
65.3973168,22.4359017
71.4065452,17.5862944
66.13442813,29.36947679
69.27779761,21.11903604
66.53946559,35.89307536
71.40043037,13.42988625
74.03030056,40.66012294
65.90227462,41.20733624
74.62834921,21.19339319
69.39630398,21.77466746
66.34234944,11.18994268
67.10439401,12.80000387
73.23901752,23.60115364
65.2982112,10.72302459
69.92107482,41.36106301
71.29813872,20.46657776
66.70016285,24.97256132
71.60102999,15.3246651
66.83113717,19.2077707
65.06962486,11.7976469
71.55665483,16.36251869
73.88467027,39.04071989
151.8869972,25.52468965
172.6442654,23.78756036
189.4263485,25.75734909
161.2469997,26.59104992
152.9801697,26.50838667
171.4892533,26.13871511
190.4242157,23.58419277
167.0576456,23.98651719
167.7230632,23.89069041
168.0432282,25.2746335
183.8270791,25.37122686
192.2316221,24.48556447
196.6587013,23.09433785
184.9800516,24.29496635
169.1168028,24.35564134
186.2337571,24.30748599
176.8604109,24.09874353
175.6086697,25.72100868
163.3488091,25.97825807
169.8391177,26.96656378
171.4716375,26.91643698
154.8238864,26.58361011
150.3166152,23.76554749
199.8362913,23.12844351
190.5577618,25.31042337
159.5718087,25.12417673
193.2418382,25.79351957
181.2915605,26.56767277
156.3616174,24.80624984
169.3388465,25.13842773
174.5071843,25.7629429
193.1007598,26.14576648
184.7674863,23.24925555
179.1630865,24.7634518
176.103677,23.18866654
157.1215052,23.16814977
153.6390212,24.06475727
159.9210934,24.36972377
197.1220049,24.39459498
175.572958,24.85441411
187.3096148,23.3250131
153.8990984,24.90075709
153.7447398,23.28081
191.9649389,25.72668885
160.6217342,23.17403323
185.7446728,23.41798979
193.7141828,25.49941707
180.1237765,26.21312799
169.9288234,25.49674786
186.6898282,26.2830571
177.5147313,23.87484465
180.2513601,26.47549543
168.7848886,25.4879684
181.2783964,23.70467146
184.4633281,23.66805429
190.9684885,24.44743944
195.7571622,24.97178693
183.4065252,26.24347471
166.6415254,24.97042599
190.7886386,24.81441246
154.6608736,23.92887902
173.1017097,26.8748389
150.2355238,23.61475336
177.2233048,26.91515043
164.2697011,24.39736241
151.4935635,24.9949957
182.2582277,25.63215038
153.9199807,26.82489244
155.3851533,23.09499564
174.7876411,23.39605743
175.1742112,24.25133493
196.6249511,25.29781791
189.9711184,26.24532085
166.2160846,23.25583402
160.0889553,23.75091572
150.6326874,26.12797248
190.312216,23.81579631
162.2847429,24.79853023
197.2101782,26.41915161
187.1735424,25.71901283
192.4931257,24.2248758
196.469984,24.89326318
169.4168014,25.01157559
182.2685447,26.284017
159.3223075,26.57421679
157.8548562,26.5232969
176.5268267,25.49386782
195.8645552,25.21622704
199.3355744,26.63952463
150.2498675,24.88692811
188.6372826,25.40785911
185.25947,23.5643831
152.6194403,25.848795
154.8390847,25.86705009
151.9035477,23.1426498
199.4766779,23.20683504
193.8778713,26.98582182
176.1516409,26.38905406
166.1365886,24.21744605
164.4970373,23.31410442
54.37814199,27.60195453
41.78219834,21.35499456
45.40277297,23.43974653
36.10211371,21.91041045
53.12442925,24.70626432
49.14337177,25.78746268
50.6128521,18.13027797
50.90994463,26.58972517
49.47371773,27.37659643
52.50812701,27.14911056
45.36521251,28.31886863
38.30411077,22.6371424
46.62370222,21.79792649
48.60449438,18.28766124
46.48280681,26.13708256
38.07659414,21.65845777
44.07819743,18.54141834
51.54922825,18.06486101
35.36831423,28.234829
47.89645224,25.87990287
47.9271552,20.76774783
38.21370568,24.98287462
38.71834464,21.12695586
53.46622584,22.17499963
44.23629285,24.12192608
49.94043064,27.99990346
49.73922097,23.7937153
35.69674138,29.77013109
35.03484812,25.17885316
48.06491307,27.52135365
41.45486619,25.08966129
45.49683991,25.62896213
36.46946971,19.1345771
51.56461082,29.82112112
46.6352865,21.36383757
52.55730112,23.89271875
42.89509057,20.06003985
47.26052494,24.388717
41.7704893,19.59221047
48.77790371,24.84063998
50.43306085,21.74600081
46.90725077,23.82723528
53.04669416,19.55750776
37.81123974,27.4818649
53.13946695,24.38041875
50.89732989,20.21368219
44.08562546,28.83600962
42.87274897,26.7230014
53.31508572,20.39078312
44.95654782,29.87854588
48.33941188,25.2653291
48.80253285,18.28072173
44.23913012,20.94981756
53.40906048,23.97081395
52.60285259,23.05276444
36.5011366,29.05941162
42.72374404,27.61204997
36.18678721,23.33565221
36.68284038,25.86928193
51.02372773,25.93381964
46.05333124,20.0467711
42.19740397,24.91079638
48.28137482,24.87425505
52.39881209,20.95628486
47.01510708,23.33375853
49.37369982,25.28710601
41.61080544,24.84918386
35.15426171,28.75273118
45.20841071,27.52185591
42.96018627,28.67408774
45.42616802,21.31852148
46.13833007,26.28663931
46.10585191,27.99627907
44.43177543,27.41434987
37.11395801,26.03026959
49.78102578,24.02037872
49.04015558,25.13163619
39.18374505,25.39038396
44.93261911,29.19585548
54.9393771,29.03017561
46.80452595,29.84823072
37.15824966,28.04849594
35.75107592,21.53577883
40.37113729,29.94413861
43.35795377,28.05153602
40.8106299,26.25070298
49.39111479,18.29783597
53.10207889,20.97195263
49.55213308,23.19305333
54.49044154,22.99451999
41.02682925,25.43459777
50.17067771,25.71269843
51.92057267,25.40474421
46.83130119,19.44084326
39.00992137,18.43966037
37.46160727,27.70496805
40.74536757,23.89736406
49.02366803,28.42062847
50.89110726,26.57597546
53.14531023,28.49584395
104.2321615,18.04185513
74.51490791,25.71895816
67.61013737,20.51716779
88.07753741,18.14710054
64.77791424,23.50297882
70.43473609,23.08974909
63.03843397,23.02038334
60.95197486,19.39851734
75.82270467,24.86374934
89.9622014,23.80546189
79.7532896,18.83344471
69.93293255,18.66746724
76.72860067,24.7947077
100.7689246,19.84939404
87.75953857,22.61359953
109.2162279,24.92162194
88.10234397,18.52510753
83.21030571,19.29563411
73.33636055,26.54986394
78.16077693,25.10787449
101.5952794,22.8056033
67.10225139,23.26237612
67.96704792,22.27373646
107.2681929,21.869274
94.29712821,23.31689124
65.27798457,20.41683147
107.3198135,23.39128187
97.59081274,23.30355338
102.8301942,23.89114571
78.06639649,25.19192419
102.4852929,21.53574127
72.12375573,25.19008683
65.43835393,18.47891261
101.7004306,25.37548751
76.68456006,25.1420613
65.49730729,23.09348056
105.4654703,25.6217169
94.76189431,18.87751445
94.26249353,18.9802729
87.85092352,19.20129357
75.03247667,18.66116213
102.0861694,21.77689322
82.34162918,18.92851916
65.88951188,21.44526922
84.22969177,19.32666088
63.72358154,18.25405352
85.75692395,26.07470121
71.07562236,24.10859207
79.84925393,26.16985907
91.76337172,23.79746068
91.26056654,24.87502824
83.73280082,22.02720976
84.23613484,18.05033737
99.57981207,25.95263264
74.52082026,25.34217103
67.72777298,22.88330922
78.96159541,18.09300227
65.50861389,19.74213321
108.7603001,23.30546753
70.23401597,18.74826712
69.21803098,21.63162756
62.50351892,20.27317074
62.49190812,25.08239719
74.05474936,24.84016732
105.0083144,23.33844615
76.41312437,18.41932981
64.40866039,22.53510514
66.29390357,20.58314011
107.4931917,25.77175115
62.91359494,25.00933355
79.74078719,24.9321581
108.8303762,25.61707368
96.46380213,25.33797709
60.65171481,19.97215954
104.1626147,24.6129118
107.9124111,25.36768364
87.9298085,24.89364635
96.59195302,24.60532218
90.988051,18.51816776
108.5054416,20.37999665
88.45361858,24.71417533
107.2361366,26.14384005
93.62039175,18.65396672
66.71995467,23.55882094
78.34604471,20.57981887
95.71388473,21.70181447
109.024141,20.03728219
80.72515943,19.0781471
88.17251033,22.6265115
106.6213157,22.21738222
109.7515385,21.54156232
71.3195307,19.28889933
103.2234212,25.97482359
80.97573281,18.28362235
103.651438,20.68899915
98.73771338,25.73044432
102.2662445,26.10018422
83.20711308,25.70196694
63.87020584,22.27526694
64.23845455,24.2547451
90.82549241,33.80398664
93.17221967,31.48451729
90.28624348,31.09779147
98.00644238,35.96054636
94.49161372,32.89300162
96.63721027,30.02086169
90.21633216,32.38697531
95.89898581,27.81005614
99.642454,28.69818144
90.89173106,32.82141065
98.67527561,33.55695561
94.11213345,27.75518664
91.46664318,31.09154239
91.54560427,35.53845018
92.37238878,27.10710832
92.84991507,27.67256197
98.33351125,34.16438906
91.405983,29.75150773
97.76832322,28.22373428
91.22881052,35.3915464
98.46768642,31.86641378
97.72843182,30.01592643
97.01331604,28.91862016
96.38808001,34.13072188
97.31258083,34.72413192
95.74606104,29.80747243
90.29643888,35.38598705
97.38741498,31.99490489
95.99487068,32.27652024
96.23520043,29.09382275
98.05089394,33.44619894
100.7586226,29.26382931
100.2160615,35.7877738
100.7720705,27.69819273
91.55845821,31.85744939
91.10190759,32.6112614
89.78216168,31.32995611
89.98024312,31.66524687
95.8946444,28.70595247
100.3060719,34.58561471
99.61465679,27.98392787
91.87312479,27.25373364
93.30247448,28.1218093
91.01152997,27.78912455
99.9834242,28.93270187
93.75441586,31.74592134
96.08745082,30.01821337
95.85118326,27.00315545
100.8124659,29.38471637
91.77522598,30.90225239
94.42850522,30.33723921
98.57025046,31.53356352
93.36718816,32.32362177
90.65022183,34.73823882
95.94035356,32.26935342
90.40332704,27.5529736
90.09586854,29.73770045
90.38503469,30.7645515
95.70525913,33.56150184
95.3713484,35.99009679
93.53197359,27.32961444
98.63333684,32.13409675
92.09609766,30.07202564
98.00687989,34.17719782
97.45373619,28.07802689
98.81596545,33.36140093
97.41054011,35.39986338
91.88766069,32.17752026
92.21318555,30.79375683
89.29147581,33.88004781
97.79072474,35.47478322
96.59816497,32.06097197
91.09745581,31.65333432
89.85646496,27.69637763
91.63074547,34.89226666
95.257992,27.27433181
92.19721736,35.89855625
91.67241761,28.33333307
96.27792547,27.3511056
91.82271568,29.98080499
97.41586402,35.37775595
97.4611918,33.93679864
94.76322976,28.89409382
100.2585673,27.92063282
89.59371481,31.89356292
94.67344737,31.32863689
95.04871605,32.45465292
93.92375879,30.41235793
95.8445641,27.58258929
92.26439205,33.7462686
99.35408185,27.53907547
94.62954663,31.20478173
90.14047759,30.91471455
89.74409017,31.27180992
95.23444287,30.17294105
97.55155537,29.14305008
92.99739415,31.40948821
97.51952041,35.63627319
98.28583013,33.33024826
90.40260445,28.3471611
22.21807088,28.69708334
28.94766949,27.96872279
22.06994464,29.17052093
29.1194739,29.06785065
25.09484511,27.30008597
29.86681385,28.52379742
27.21244021,27.3506296
25.93496537,29.24908541
23.69586761,29.62800691
26.26243014,29.86895762
21.26034986,27.02415146
26.88372572,28.5854649
28.70627683,29.26092798
29.44008034,28.59052369
20.36001144,28.20480805
23.66620626,29.05248036
28.16057247,29.91690582
25.16359891,28.80311922
22.68766503,29.81196601
23.28207838,29.84070774
23.49535234,27.29035669
21.0000988,29.8843055
27.95602304,29.10968327
28.69113835,27.33897716
29.11187663,28.68275966
26.85422624,27.79161808
27.26588346,28.55852465
26.70581328,29.09588297
20.88620369,28.47212559
25.1290048,28.53545677
21.9653077,29.54097171
26.83924845,29.68846716
24.44267592,28.87726019
26.30820876,29.49401389
24.69720481,29.87331077
22.06207161,27.7058373
26.23838511,28.82629037
27.5987178,28.57819995
21.58992507,28.27973674
24.93861254,29.03157242
20.39020503,29.94349168
21.19014526,27.82424457
21.17924769,28.03306461
23.0362503,28.89578588
21.30290472,29.17220859
21.84869328,28.05457761
27.8659442,29.78714005
28.83568362,29.07265321
20.49035619,29.73019662
20.21126747,27.72653142
24.15591199,29.03167341
26.01909355,29.48882958
26.52364146,29.72791119
25.08146686,27.04863538
21.7508774,27.42711692
28.98574189,28.61475136
24.84266123,27.59350075
22.84203589,29.82729394
24.52020164,29.11858526
28.22908103,29.34081108
23.44398467,28.91105641
20.66127836,27.93114233
23.20076686,28.92705913
27.27899847,27.46583649
26.51924782,27.11535046
28.78654515,28.20619412
23.65747461,27.04927452
24.34814338,29.93061247
23.56130173,28.96361426
24.05207925,27.87317436
21.08484101,28.47090661
27.14509034,27.98780984
26.32405487,27.82054812
21.44532907,29.34033587
23.28618248,27.99901833
27.56918621,29.57240298
20.76223014,28.04943594
24.20007242,28.50416396
22.25838137,28.96586565
24.7458198,28.96017885
29.1102594,29.69238699
21.61893763,27.99611732
26.0365768,29.48069921
25.37828397,29.90415889
26.48240255,29.19378695
28.75226067,29.47156259
21.01796432,27.51492243
22.81863447,27.72338349
21.13545688,29.5275305
25.33014238,29.08417927
20.76582087,28.05380704
20.76212031,29.45771748
26.47844429,27.84492803
28.36535596,29.55657523
25.21609113,27.76317235
24.4514648,27.0767265
22.52497327,29.09910406
28.08253201,27.57826922
21.90440445,29.12533739
25.32159689,27.08808014
101.5164589,22.3551049
106.8118019,30.72119881
107.9873218,13.8377282
116.7173125,30.25578031
114.1339416,28.06903173
100.1961762,14.78003032
119.3936976,18.86883219
117.6236473,32.31944397
119.3916718,12.59093977
119.3941064,10.01081312
102.4550786,20.87947369
116.3796525,26.56608303
119.035002,15.78144173
106.2696156,13.20844373
116.450422,19.33516809
107.4142681,30.84835031
113.1169398,31.52675982
109.9455062,31.8520694
101.4819888,21.49118657
116.5084074,22.79196751
117.3688104,22.30318989
105.3437825,31.87859192
104.7052254,32.23797837
106.362551,10.16431299
110.0447896,16.53460397
115.9787989,24.53610067
109.4711098,24.45132792
112.5090516,17.24944623
117.1311498,28.04799508
111.7803734,24.85903405
112.7715925,11.03367937
110.6857506,17.66545409
119.6946577,24.35590861
113.25373,32.39523995
102.944161,16.39624284
108.0638166,17.68408797
112.6738296,23.01014302
116.8020848,34.05296914
115.5650287,34.5917846
117.5293447,10.78689755
117.3695296,25.26052689
108.0054343,17.22034507
105.2132259,28.2620488
102.835632,24.12188673
115.5683776,11.50322938
100.1967854,34.74004942
116.8130969,20.18432263
101.139435,27.255435
106.060149,11.86631922
111.7793889,18.05142392
109.6894658,31.08368929
114.3117197,25.16296632
108.4161706,12.22816189
111.1727497,29.47741671
111.8391951,20.48954522
103.5684926,34.51465139
109.1549823,31.34920143
106.0711985,30.55472573
112.7194284,17.34083741
113.9995146,27.68167318
114.4161786,29.77149434
117.9733424,25.2990432
103.5771468,11.89925671
111.2266885,13.36050601
115.1989301,31.75048899
102.6958703,23.96147583
100.7896871,29.07412717
106.6955204,10.2708877
112.5424199,25.66901098
102.1906333,34.90665289
119.1709113,33.1056981
118.4901697,23.98289638
103.923226,23.85340379
110.3332655,22.67594476
101.2847738,26.03097313
115.3560318,29.98364695
101.4705704,15.63211033
103.2005992,11.69894639
118.0069295,22.45616931
109.8585753,22.56664172
111.2948115,24.60297538
106.2944879,13.70319166
104.4224145,23.13338811
109.7571416,15.83388699
113.328978,32.71748548
110.6823944,21.03200078
100.1737964,19.667056
113.3302105,30.49183837
118.3271968,34.51423957
101.1456947,10.35609594
114.6659511,18.87957654
112.9834361,21.21306973
115.7659902,33.23453301
109.7513927,20.68185224
108.0230792,19.14381903
107.0862095,21.35093384
108.8289171,11.54785707
116.7555937,25.35467646
110.2223123,14.34320488
107.4287664,16.14820285
246.3613268,42.93368602
206.3999208,23.19451074
117.8201907,28.12971499
63.62250788,31.56213762
207.0735119,31.53243779
64.4478499,39.23342464
79.27201575,31.88342554
92.11877372,40.00439101
211.8529059,43.08022702
77.71566883,38.4418717
188.5181422,37.03551903
235.6133585,35.33294932
132.7923586,40.78881819
62.68710535,29.60718808
120.9512466,39.30050027
88.46607497,42.39413392
63.35298768,24.42561272
218.142147,38.73218907
75.95295,30.42012134
62.50689682,26.68386496
238.5008779,27.58548913
141.3381168,35.67667332
208.3357976,23.0124018
103.8235658,43.67549305
234.8466111,42.93605359
239.7427554,41.31330062
126.8069869,29.02328049
46.44279118,31.22790131
179.2720807,28.28222883
110.562229,43.30204933
59.49373381,26.26559543
161.6892093,23.16855863
214.4103848,42.54744013
199.3096432,41.41968393
108.4103158,24.70528368
135.1694525,24.87212063
163.9069365,35.32876402
63.68794608,28.91842453
40.35153141,27.34734861
78.8099639,42.84609252
172.4788062,37.13165026
62.62377075,38.72382798
51.07048113,32.51247398
234.496633,33.32315744
218.2299187,24.63676897
41.5856585,43.03714283
127.2509777,34.28879307
149.9107557,27.92765919
54.01872359,31.18298415
202.0572747,29.33710543
240.6863901,26.05375792
232.7046126,29.80744318
209.8678411,40.76998685
218.0908814,38.2016825
119.2653877,38.4191628
115.8163936,28.64555584
197.402901,42.13473976
231.5153161,23.11407669
183.49095,24.48620746
97.26336657,25.62446619
240.4795923,32.76795887
88.1300769,33.08706051
243.0745066,35.21462816
248.8592986,32.68067385
174.4012337,25.34756111
181.527598,41.04224355
52.95477913,25.65492304
149.8488208,35.26824831
98.54047745,34.2804607
102.2708231,38.58954491
82.83061083,27.71948962
75.24521981,30.10773379
191.7760562,23.48546973
136.8277041,33.46873719
209.4083305,29.20300896
165.7412972,42.07213781
47.271547,32.86316618
144.6656444,26.83054058
104.4218596,36.56769731
71.73759526,32.50037548
87.53393983,23.69212243
122.7628653,39.73149053
78.85085502,32.66160599
93.7942847,32.57720726
74.876786,42.30495821
172.3458448,37.4620912
196.2408242,42.92325255
114.778071,43.36051537
48.83810592,31.7018373
241.8202079,25.9300384
159.6577388,37.58899717
197.5282582,33.20258348
149.1199989,40.10207731
210.2735346,38.38231475
54.77830202,31.29986342
141.1736926,36.32268069
182.026807,33.7960155
203.4044028,33.83508569
105.8841531,39.01793345
186.6762324,40.21199348
106.0380805,19.66329768
107.6103211,18.90223032
104.7847006,21.02432943
106.1606833,19.44623085
103.3183074,22.34375696
104.991282,23.98598756
110.5764023,20.51343484
108.0756727,18.26233221
102.860084,19.81069447
112.1926517,24.72235539
109.9130984,19.38603815
106.3602023,18.07132963
108.3168858,19.8671184
106.128338,24.37766782
106.61905,23.50128217
104.7693804,24.92639065
110.9653137,20.33691147
103.1969341,24.4880844
112.4349689,21.6602498
107.0050976,18.09903225
106.977723,23.77989026
111.9684622,24.55981624
108.0458926,19.65690085
102.8593382,21.57936934
105.6209954,24.51147697
109.2853418,24.81530144
111.0217929,19.86173586
107.6435771,24.83954414
112.4750941,18.90592319
108.3121789,23.88404783
105.1834976,18.41164435
112.459697,22.43377991
103.0295938,20.93892916
107.3416913,20.13037175
107.6836871,23.62600218
105.529185,24.35193812
105.6499907,23.71028128
104.4407083,20.89273273
110.4432293,22.8122645
106.8685636,20.86474944
104.6735454,24.692258
111.2232716,23.83185873
111.3779693,24.45840036
104.8955643,22.5526059
106.9659201,22.77035608
111.1382096,23.2801227
109.0357597,22.63045168
103.7084055,20.07386547
110.2316633,24.1469628
102.8186358,19.85139326
109.8076178,23.65374106
109.4169192,24.96273236
104.617522,23.89162561
104.5375109,24.26601316
111.6631582,22.48720144
102.8013275,18.92157197
110.9633894,24.56811204
111.2818551,19.68291173
111.2800516,18.91251245
110.4606459,24.32770134
109.3930157,23.12808226
111.0196744,18.75927679
102.6488846,21.80523051
106.9216033,24.24779615
111.2787584,24.72485577
109.3905998,22.44581266
105.7595811,24.77464458
105.2240743,23.40981539
106.8704803,22.10621387
102.5184759,18.78359608
104.6843243,22.73031253
104.0277061,19.91330523
105.6917856,23.22594
109.0946323,23.20242586
109.2537734,20.24104904
108.5468633,19.67832052
108.6793978,19.0087067
104.3739878,19.54128063
108.2287276,19.72620525
108.0423555,19.20090378
104.88189,18.09691127
108.065579,20.12644921
110.2437841,22.92052307
109.4429934,20.82210727
105.4766591,19.30106297
103.8799347,24.94467632
109.6623974,18.20230419
111.7162016,21.92513945
102.5538035,19.75088482
110.0932899,22.59890174
103.6012114,24.38318965
107.1951707,24.88244467
110.6956184,24.63228709
112.337046,20.00218987
108.4758509,18.47412402
106.2817706,22.91843172
106.2784673,21.25433607
107.5660804,21.20725375
104.8216333,22.36509395
109.8695196,22.40423537
185.9461429,24.88921174
263.1103304,23.64124821
270.4417274,20.26707606
231.3843163,25.15745531
242.3170629,23.28617173
284.4364567,26.80079604
233.7034975,23.67575393
196.9560008,24.958779
219.9048349,23.43121862
188.413665,23.35905428
264.6148697,26.52723513
220.1156708,25.2827223
209.9001977,25.62980105
286.5083725,26.22916897
285.2493645,23.86330467
257.0343554,24.17298839
198.6730942,21.14347496
227.3637009,21.97199397
271.3248604,22.70883798
182.9043504,26.08867875
241.9741949,20.27774362
263.6372176,20.08369642
195.3574542,25.42977518
272.2017204,21.44653958
291.2986618,23.57943626
245.6626799,25.75528612
182.6549356,25.48591986
287.5766935,21.40865769
267.9761948,24.44345477
193.3473987,26.79533926
224.5550169,21.8652524
272.2999056,26.75754171
186.7536773,26.04371967
213.3560921,21.94766735
256.9964761,22.69657794
197.9791215,22.30157427
183.6793207,24.8972823
194.5766559,26.88444878
233.1321372,25.7354293
218.9163567,26.52872817
283.9338466,23.44676801
240.0810647,20.77576147
276.6552459,21.58711777
233.1075816,21.0525355
298.5601175,23.83067496
271.3586137,26.35927159
221.2091958,23.22397386
223.3671883,26.40323239
200.0882787,22.17931888
269.5039162,23.43191632
224.6757231,24.52783742
231.7364957,22.08576562
248.7183228,22.78133816
185.4974732,21.32504158
230.2242223,20.82477109
295.9248796,21.53346343
277.9626192,21.7238313
202.9355362,20.87974371
295.6094492,24.87300744
194.2651719,22.68319059
230.4462359,24.51588066
182.5616319,24.45802087
208.5810155,20.0454142
204.8001847,24.97669518
200.834898,25.59704938
279.5451717,20.61521424
278.0791793,22.2286982
202.3838319,21.84106875
243.5120414,25.78720567
209.5869708,25.66585205
206.2611855,23.79391957
242.8640342,26.49109635
185.2773389,24.01497622
257.4914906,26.29465461
226.6555374,21.77046169
231.0863347,24.28209415
210.8142087,21.66628296
290.6793783,26.92995077
260.2634026,24.52922681
183.6222657,26.54348085
251.0549998,23.05804872
217.3788583,25.65553461
265.5355937,26.31355498
191.9535738,20.2801937
192.3197536,21.32376327
260.8875056,22.72791041
224.0581164,23.48381344
195.0948311,23.85724032
298.4018471,21.01944696
241.2013513,23.83509503
250.0832336,23.97898217
200.9133156,22.67846116
248.2256491,26.46428311
245.1511304,20.41447029
262.7173405,20.13017482
253.7202781,24.63544858
257.0038865,25.0756354
233.0453455,23.24113501
263.9642476,23.00445915
280.4044392,26.73072391
40.71210074,26.12588914
44.3993381,26.03867719
44.07843475,24.41311871
46.85176955,25.85483596
57.72799157,26.49195283
48.11248366,24.31334971
49.08553937,26.22005978
48.45978627,24.71885473
40.228644,26.84366082
51.70699144,24.88910524
54.22722466,25.66576039
53.33484977,26.17668721
44.20899581,24.37190239
49.11618732,24.53442564
48.32428609,26.63838589
43.08961827,25.7131428
48.75859458,24.92994759
57.05709413,24.6774157
44.20656987,25.11189154
42.00660251,24.54356968
53.14626213,24.89681131
49.29456609,25.2801372
49.48575692,24.9103226
40.794305,26.74550678
46.76837499,26.27061608
49.43050977,26.1793464
58.54876687,26.98603693
54.49960057,25.89762315
43.87712348,26.03967219
53.65742581,26.47330219
49.52320689,25.41864024
50.55710813,24.92093261
58.48160844,26.11440416
46.06382209,26.4930645
54.65423596,26.21667586
48.31219031,24.64458469
48.99390828,24.69368934
57.04147057,25.29954705
54.82963379,25.81692236
59.67927244,24.84740848
55.74073582,26.81530456
56.39962921,25.07803672
57.26773002,24.47018505
59.65590798,26.2148837
53.78929956,24.04355803
58.79889057,26.80750629
44.63907691,24.37118217
43.52897517,25.13735887
43.97193745,26.89750174
57.79652846,26.0713757
57.51549686,25.4438391
51.26046418,24.29105004
47.81847573,26.44019475
57.74091817,26.79489868
54.60159289,26.22338015
50.78669728,26.283443
48.01138482,24.21495706
46.06193778,26.81938687
56.31866159,26.6333118
57.95826144,24.74631269
59.26519444,25.10474753
40.12650421,25.26931156
40.32161859,24.41592661
51.19470197,24.13078816
54.7657624,24.24782473
57.23028471,25.37601283
41.16554802,25.86475496
48.58241822,24.42998931
44.22066914,25.76484262
46.05122728,25.76402693
59.75980023,26.90435747
55.29563514,24.86094646
46.59207341,24.90123934
47.46447019,26.73690828
45.24690619,25.83202912
48.32113628,24.33528185
56.45229202,25.79448878
58.28697664,25.28784623
58.97878791,26.26028739
57.44942094,24.9004602
42.91292205,26.98212846
44.2068997,25.50736962
46.87420883,25.18780042
56.34144589,25.42900869
54.30660782,26.53259325
59.46338556,25.96534238
55.49541453,25.15623099
51.70497792,26.81383586
56.47941847,26.20234499
57.40847165,26.6634609
47.72078245,25.35794749
41.53218699,25.3310446
51.75212401,24.06731461
42.10681516,25.92030221
56.72496677,25.04746944
41.87540028,26.58740671
57.57343233,25.5421695
48.47833278,25.50405534
51.51033554,26.70607759
